source_date,symbol,warehouse_receipt,change,unit,status,source,source_url
2026-06-25,AG,848665.0,-3628.0,交易所披露单位,OK,东方财富期货库存数据,https://data.eastmoney.com/ifdata/kcsj.html
2026-06-26,AG,842985.0,-5680.0,交易所披露单位,OK,东方财富期货库存数据,https://data.eastmoney.com/ifdata/kcsj.html
2026-06-29,AG,825079.0,-17906.0,交易所披露单位,OK,东方财富期货库存数据,https://data.eastmoney.com/ifdata/kcsj.html
2026-06-30,AG,823316.0,-1763.0,交易所披露单位,OK,东方财富期货库存数据,https://data.eastmoney.com/ifdata/kcsj.html
2026-07-01,AG,822698.0,-618.0,交易所披露单位,OK,东方财富期货库存数据,https://data.eastmoney.com/ifdata/kcsj.html
2026-07-02,AG,827902.0,5204.0,交易所披露单位,OK,东方财富期货库存数据,https://data.eastmoney.com/ifdata/kcsj.html
2026-07-03,AG,834714.0,6812.0,交易所披露单位,OK,东方财富期货库存数据,https://data.eastmoney.com/ifdata/kcsj.html
2026-07-06,AG,833519.0,-1195.0,交易所披露单位,OK,东方财富期货库存数据,https://data.eastmoney.com/ifdata/kcsj.html
2026-07-07,AG,844013.0,10494.0,交易所披露单位,OK,东方财富期货库存数据,https://data.eastmoney.com/ifdata/kcsj.html
2026-07-08,AG,849173.0,5160.0,交易所披露单位,OK,东方财富期货库存数据,https://data.eastmoney.com/ifdata/kcsj.html
2026-07-09,AG,830200.0,-18973.0,交易所披露单位,OK,东方财富期货库存数据,https://data.eastmoney.com/ifdata/kcsj.html
2026-07-10,AG,829858.0,-342.0,交易所披露单位,OK,东方财富期货库存数据,https://data.eastmoney.com/ifdata/kcsj.html
2026-07-13,AG,836651.0,6793.0,交易所披露单位,OK,东方财富期货库存数据,https://data.eastmoney.com/ifdata/kcsj.html
2026-07-14,AG,932061.0,95410.0,交易所披露单位,OK,东方财富期货库存数据,https://data.eastmoney.com/ifdata/kcsj.html
2026-07-15,AG,928570.0,-3491.0,交易所披露单位,OK,东方财富期货库存数据,https://data.eastmoney.com/ifdata/kcsj.html
2026-07-16,AG,936713.0,8143.0,交易所披露单位,OK,东方财富期货库存数据,https://data.eastmoney.com/ifdata/kcsj.html
2026-07-17,AG,990039.0,53326.0,交易所披露单位,OK,东方财富期货库存数据,https://data.eastmoney.com/ifdata/kcsj.html
2026-07-20,AG,977865.0,-12174.0,交易所披露单位,OK,东方财富期货库存数据,https://data.eastmoney.com/ifdata/kcsj.html
2026-07-21,AG,968622.0,-9243.0,交易所披露单位,OK,东方财富期货库存数据,https://data.eastmoney.com/ifdata/kcsj.html
2026-07-22,AG,971222.0,2600.0,交易所披露单位,OK,东方财富期货库存数据,https://data.eastmoney.com/ifdata/kcsj.html
2026-07-23,AG,972624.0,1402.0,交易所披露单位,OK,东方财富期货库存数据,https://data.eastmoney.com/ifdata/kcsj.html
2026-07-24,AG,978934.0,6310.0,交易所披露单位,OK,东方财富期货库存数据,https://data.eastmoney.com/ifdata/kcsj.html
2026-06-25,AO,254472.0,-11411.0,交易所披露单位,OK,东方财富期货库存数据,https://data.eastmoney.com/ifdata/kcsj.html
2026-06-26,AO,252977.0,-1495.0,交易所披露单位,OK,东方财富期货库存数据,https://data.eastmoney.com/ifdata/kcsj.html
2026-06-29,AO,250289.0,-2688.0,交易所披露单位,OK,东方财富期货库存数据,https://data.eastmoney.com/ifdata/kcsj.html
2026-06-30,AO,250289.0,,交易所披露单位,OK,东方财富期货库存数据,https://data.eastmoney.com/ifdata/kcsj.html
2026-07-01,AO,256871.0,6582.0,交易所披露单位,OK,东方财富期货库存数据,https://data.eastmoney.com/ifdata/kcsj.html
2026-07-02,AO,265262.0,8391.0,交易所披露单位,OK,东方财富期货库存数据,https://data.eastmoney.com/ifdata/kcsj.html
2026-07-03,AO,271574.0,6312.0,交易所披露单位,OK,东方财富期货库存数据,https://data.eastmoney.com/ifdata/kcsj.html
2026-07-06,AO,270997.0,-577.0,交易所披露单位,OK,东方财富期货库存数据,https://data.eastmoney.com/ifdata/kcsj.html
2026-07-07,AO,264409.0,-6588.0,交易所披露单位,OK,东方财富期货库存数据,https://data.eastmoney.com/ifdata/kcsj.html
2026-07-08,AO,260505.0,-3904.0,交易所披露单位,OK,东方财富期货库存数据,https://data.eastmoney.com/ifdata/kcsj.html
2026-07-09,AO,261120.0,615.0,交易所披露单位,OK,东方财富期货库存数据,https://data.eastmoney.com/ifdata/kcsj.html
2026-07-10,AO,266527.0,5407.0,交易所披露单位,OK,东方财富期货库存数据,https://data.eastmoney.com/ifdata/kcsj.html
2026-07-13,AO,271010.0,4483.0,交易所披露单位,OK,东方财富期货库存数据,https://data.eastmoney.com/ifdata/kcsj.html
2026-07-14,AO,271010.0,,交易所披露单位,OK,东方财富期货库存数据,https://data.eastmoney.com/ifdata/kcsj.html
2026-07-15,AO,268905.0,-2105.0,交易所披露单位,OK,东方财富期货库存数据,https://data.eastmoney.com/ifdata/kcsj.html
2026-07-16,AO,276388.0,7483.0,交易所披露单位,OK,东方财富期货库存数据,https://data.eastmoney.com/ifdata/kcsj.html
2026-07-17,AO,286897.0,10509.0,交易所披露单位,OK,东方财富期货库存数据,https://data.eastmoney.com/ifdata/kcsj.html
2026-07-20,AO,222273.0,-64624.0,交易所披露单位,OK,东方财富期货库存数据,https://data.eastmoney.com/ifdata/kcsj.html
2026-07-21,AO,221370.0,-903.0,交易所披露单位,OK,东方财富期货库存数据,https://data.eastmoney.com/ifdata/kcsj.html
2026-07-22,AO,222275.0,905.0,交易所披露单位,OK,东方财富期货库存数据,https://data.eastmoney.com/ifdata/kcsj.html
2026-07-23,AO,229738.0,7463.0,交易所披露单位,OK,东方财富期货库存数据,https://data.eastmoney.com/ifdata/kcsj.html
2026-07-24,AO,237860.0,8122.0,交易所披露单位,OK,东方财富期货库存数据,https://data.eastmoney.com/ifdata/kcsj.html
2026-06-25,AU,111642.0,,交易所披露单位,OK,东方财富期货库存数据,https://data.eastmoney.com/ifdata/kcsj.html
2026-06-26,AU,111648.0,6.0,交易所披露单位,OK,东方财富期货库存数据,https://data.eastmoney.com/ifdata/kcsj.html
2026-06-29,AU,111648.0,,交易所披露单位,OK,东方财富期货库存数据,https://data.eastmoney.com/ifdata/kcsj.html
2026-06-30,AU,111648.0,,交易所披露单位,OK,东方财富期货库存数据,https://data.eastmoney.com/ifdata/kcsj.html
2026-07-01,AU,111648.0,,交易所披露单位,OK,东方财富期货库存数据,https://data.eastmoney.com/ifdata/kcsj.html
2026-07-02,AU,112647.0,999.0,交易所披露单位,OK,东方财富期货库存数据,https://data.eastmoney.com/ifdata/kcsj.html
2026-07-03,AU,112647.0,,交易所披露单位,OK,东方财富期货库存数据,https://data.eastmoney.com/ifdata/kcsj.html
2026-07-06,AU,112647.0,,交易所披露单位,OK,东方财富期货库存数据,https://data.eastmoney.com/ifdata/kcsj.html
2026-07-07,AU,112647.0,,交易所披露单位,OK,东方财富期货库存数据,https://data.eastmoney.com/ifdata/kcsj.html
2026-07-08,AU,112647.0,,交易所披露单位,OK,东方财富期货库存数据,https://data.eastmoney.com/ifdata/kcsj.html
2026-07-09,AU,112647.0,,交易所披露单位,OK,东方财富期货库存数据,https://data.eastmoney.com/ifdata/kcsj.html
2026-07-10,AU,112647.0,,交易所披露单位,OK,东方财富期货库存数据,https://data.eastmoney.com/ifdata/kcsj.html
2026-07-13,AU,112647.0,,交易所披露单位,OK,东方财富期货库存数据,https://data.eastmoney.com/ifdata/kcsj.html
2026-07-14,AU,112647.0,,交易所披露单位,OK,东方财富期货库存数据,https://data.eastmoney.com/ifdata/kcsj.html
2026-07-15,AU,112647.0,,交易所披露单位,OK,东方财富期货库存数据,https://data.eastmoney.com/ifdata/kcsj.html
2026-07-16,AU,112647.0,,交易所披露单位,OK,东方财富期货库存数据,https://data.eastmoney.com/ifdata/kcsj.html
2026-07-17,AU,112647.0,,交易所披露单位,OK,东方财富期货库存数据,https://data.eastmoney.com/ifdata/kcsj.html
2026-07-20,AU,112641.0,-6.0,交易所披露单位,OK,东方财富期货库存数据,https://data.eastmoney.com/ifdata/kcsj.html
2026-07-21,AU,112641.0,,交易所披露单位,OK,东方财富期货库存数据,https://data.eastmoney.com/ifdata/kcsj.html
2026-07-22,AU,112641.0,,交易所披露单位,OK,东方财富期货库存数据,https://data.eastmoney.com/ifdata/kcsj.html
2026-07-23,AU,112641.0,,交易所披露单位,OK,东方财富期货库存数据,https://data.eastmoney.com/ifdata/kcsj.html
2026-07-24,AU,112641.0,,交易所披露单位,OK,东方财富期货库存数据,https://data.eastmoney.com/ifdata/kcsj.html
2026-06-25,FG,635.0,-44.0,交易所披露单位,OK,东方财富期货库存数据,https://data.eastmoney.com/ifdata/kcsj.html
2026-06-26,FG,414.0,-221.0,交易所披露单位,OK,东方财富期货库存数据,https://data.eastmoney.com/ifdata/kcsj.html
2026-06-29,FG,301.0,-113.0,交易所披露单位,OK,东方财富期货库存数据,https://data.eastmoney.com/ifdata/kcsj.html
2026-06-30,FG,301.0,,交易所披露单位,OK,东方财富期货库存数据,https://data.eastmoney.com/ifdata/kcsj.html
2026-07-01,FG,301.0,,交易所披露单位,OK,东方财富期货库存数据,https://data.eastmoney.com/ifdata/kcsj.html
2026-07-02,FG,301.0,,交易所披露单位,OK,东方财富期货库存数据,https://data.eastmoney.com/ifdata/kcsj.html
2026-07-03,FG,301.0,,交易所披露单位,OK,东方财富期货库存数据,https://data.eastmoney.com/ifdata/kcsj.html
2026-07-06,FG,801.0,500.0,交易所披露单位,OK,东方财富期货库存数据,https://data.eastmoney.com/ifdata/kcsj.html
2026-07-07,FG,798.0,-3.0,交易所披露单位,OK,东方财富期货库存数据,https://data.eastmoney.com/ifdata/kcsj.html
2026-07-08,FG,798.0,,交易所披露单位,OK,东方财富期货库存数据,https://data.eastmoney.com/ifdata/kcsj.html
2026-07-09,FG,798.0,,交易所披露单位,OK,东方财富期货库存数据,https://data.eastmoney.com/ifdata/kcsj.html
2026-07-10,FG,798.0,,交易所披露单位,OK,东方财富期货库存数据,https://data.eastmoney.com/ifdata/kcsj.html
2026-07-13,FG,798.0,,交易所披露单位,OK,东方财富期货库存数据,https://data.eastmoney.com/ifdata/kcsj.html
2026-07-14,FG,798.0,,交易所披露单位,OK,东方财富期货库存数据,https://data.eastmoney.com/ifdata/kcsj.html
2026-07-15,FG,798.0,,交易所披露单位,OK,东方财富期货库存数据,https://data.eastmoney.com/ifdata/kcsj.html
2026-07-16,FG,798.0,,交易所披露单位,OK,东方财富期货库存数据,https://data.eastmoney.com/ifdata/kcsj.html
2026-07-17,FG,768.0,-30.0,交易所披露单位,OK,东方财富期货库存数据,https://data.eastmoney.com/ifdata/kcsj.html
2026-07-20,FG,375.0,-393.0,交易所披露单位,OK,东方财富期货库存数据,https://data.eastmoney.com/ifdata/kcsj.html
2026-07-21,FG,,-375.0,交易所披露单位,OK,东方财富期货库存数据,https://data.eastmoney.com/ifdata/kcsj.html
2026-07-22,FG,,,交易所披露单位,OK,东方财富期货库存数据,https://data.eastmoney.com/ifdata/kcsj.html
2026-07-23,FG,,,交易所披露单位,OK,东方财富期货库存数据,https://data.eastmoney.com/ifdata/kcsj.html
2026-07-24,FG,,,交易所披露单位,OK,东方财富期货库存数据,https://data.eastmoney.com/ifdata/kcsj.html
2026-06-25,JD,10.0,10.0,交易所披露单位,OK,东方财富期货库存数据,https://data.eastmoney.com/ifdata/kcsj.html
2026-06-26,JD,38.0,28.0,交易所披露单位,OK,东方财富期货库存数据,https://data.eastmoney.com/ifdata/kcsj.html
2026-06-29,JD,38.0,,交易所披露单位,OK,东方财富期货库存数据,https://data.eastmoney.com/ifdata/kcsj.html
2026-06-30,JD,,-38.0,交易所披露单位,OK,东方财富期货库存数据,https://data.eastmoney.com/ifdata/kcsj.html
2026-07-07,JM,550.0,550.0,交易所披露单位,OK,东方财富期货库存数据,https://data.eastmoney.com/ifdata/kcsj.html
2026-07-08,JM,550.0,,交易所披露单位,OK,东方财富期货库存数据,https://data.eastmoney.com/ifdata/kcsj.html
2026-07-09,JM,550.0,,交易所披露单位,OK,东方财富期货库存数据,https://data.eastmoney.com/ifdata/kcsj.html
2026-07-10,JM,150.0,-400.0,交易所披露单位,OK,东方财富期货库存数据,https://data.eastmoney.com/ifdata/kcsj.html
2026-07-13,JM,250.0,100.0,交易所披露单位,OK,东方财富期货库存数据,https://data.eastmoney.com/ifdata/kcsj.html
2026-07-14,JM,450.0,200.0,交易所披露单位,OK,东方财富期货库存数据,https://data.eastmoney.com/ifdata/kcsj.html
2026-07-15,JM,450.0,,交易所披露单位,OK,东方财富期货库存数据,https://data.eastmoney.com/ifdata/kcsj.html
2026-07-16,JM,200.0,-250.0,交易所披露单位,OK,东方财富期货库存数据,https://data.eastmoney.com/ifdata/kcsj.html
2026-07-17,JM,200.0,,交易所披露单位,OK,东方财富期货库存数据,https://data.eastmoney.com/ifdata/kcsj.html
2026-07-20,JM,,-200.0,交易所披露单位,OK,东方财富期货库存数据,https://data.eastmoney.com/ifdata/kcsj.html
2026-06-25,LC,49007.0,-108.0,交易所披露单位,OK,东方财富期货库存数据,https://data.eastmoney.com/ifdata/kcsj.html
2026-06-26,LC,48544.0,-463.0,交易所披露单位,OK,东方财富期货库存数据,https://data.eastmoney.com/ifdata/kcsj.html
2026-06-29,LC,48489.0,-55.0,交易所披露单位,OK,东方财富期货库存数据,https://data.eastmoney.com/ifdata/kcsj.html
2026-06-30,LC,48731.0,242.0,交易所披露单位,OK,东方财富期货库存数据,https://data.eastmoney.com/ifdata/kcsj.html
2026-07-01,LC,49331.0,600.0,交易所披露单位,OK,东方财富期货库存数据,https://data.eastmoney.com/ifdata/kcsj.html
2026-07-02,LC,48578.0,-753.0,交易所披露单位,OK,东方财富期货库存数据,https://data.eastmoney.com/ifdata/kcsj.html
2026-07-03,LC,48206.0,-372.0,交易所披露单位,OK,东方财富期货库存数据,https://data.eastmoney.com/ifdata/kcsj.html
2026-07-06,LC,46708.0,-1498.0,交易所披露单位,OK,东方财富期货库存数据,https://data.eastmoney.com/ifdata/kcsj.html
2026-07-07,LC,46085.0,-623.0,交易所披露单位,OK,东方财富期货库存数据,https://data.eastmoney.com/ifdata/kcsj.html
2026-07-08,LC,43640.0,-2445.0,交易所披露单位,OK,东方财富期货库存数据,https://data.eastmoney.com/ifdata/kcsj.html
2026-07-09,LC,44020.0,380.0,交易所披露单位,OK,东方财富期货库存数据,https://data.eastmoney.com/ifdata/kcsj.html
2026-07-10,LC,42067.0,-1953.0,交易所披露单位,OK,东方财富期货库存数据,https://data.eastmoney.com/ifdata/kcsj.html
2026-07-13,LC,42406.0,339.0,交易所披露单位,OK,东方财富期货库存数据,https://data.eastmoney.com/ifdata/kcsj.html
2026-07-14,LC,42903.0,497.0,交易所披露单位,OK,东方财富期货库存数据,https://data.eastmoney.com/ifdata/kcsj.html
2026-07-15,LC,42420.0,-483.0,交易所披露单位,OK,东方财富期货库存数据,https://data.eastmoney.com/ifdata/kcsj.html
2026-07-16,LC,41231.0,-1189.0,交易所披露单位,OK,东方财富期货库存数据,https://data.eastmoney.com/ifdata/kcsj.html
2026-07-17,LC,40345.0,-886.0,交易所披露单位,OK,东方财富期货库存数据,https://data.eastmoney.com/ifdata/kcsj.html
2026-07-20,LC,41359.0,1014.0,交易所披露单位,OK,东方财富期货库存数据,https://data.eastmoney.com/ifdata/kcsj.html
2026-07-21,LC,41023.0,-336.0,交易所披露单位,OK,东方财富期货库存数据,https://data.eastmoney.com/ifdata/kcsj.html
2026-07-22,LC,40865.0,-158.0,交易所披露单位,OK,东方财富期货库存数据,https://data.eastmoney.com/ifdata/kcsj.html
2026-07-23,LC,40334.0,-531.0,交易所披露单位,OK,东方财富期货库存数据,https://data.eastmoney.com/ifdata/kcsj.html
2026-07-24,LC,39879.0,-455.0,交易所披露单位,OK,东方财富期货库存数据,https://data.eastmoney.com/ifdata/kcsj.html
2026-06-25,LH,1350.0,15.0,交易所披露单位,OK,东方财富期货库存数据,https://data.eastmoney.com/ifdata/kcsj.html
2026-06-26,LH,1350.0,,交易所披露单位,OK,东方财富期货库存数据,https://data.eastmoney.com/ifdata/kcsj.html
2026-06-29,LH,1350.0,,交易所披露单位,OK,东方财富期货库存数据,https://data.eastmoney.com/ifdata/kcsj.html
2026-06-30,LH,1350.0,,交易所披露单位,OK,东方财富期货库存数据,https://data.eastmoney.com/ifdata/kcsj.html
2026-07-01,LH,1350.0,,交易所披露单位,OK,东方财富期货库存数据,https://data.eastmoney.com/ifdata/kcsj.html
2026-07-02,LH,1350.0,,交易所披露单位,OK,东方财富期货库存数据,https://data.eastmoney.com/ifdata/kcsj.html
2026-07-03,LH,1347.0,-3.0,交易所披露单位,OK,东方财富期货库存数据,https://data.eastmoney.com/ifdata/kcsj.html
2026-07-06,LH,1321.0,-26.0,交易所披露单位,OK,东方财富期货库存数据,https://data.eastmoney.com/ifdata/kcsj.html
2026-07-07,LH,1319.0,-2.0,交易所披露单位,OK,东方财富期货库存数据,https://data.eastmoney.com/ifdata/kcsj.html
2026-07-08,LH,1311.0,-8.0,交易所披露单位,OK,东方财富期货库存数据,https://data.eastmoney.com/ifdata/kcsj.html
2026-07-09,LH,1306.0,-5.0,交易所披露单位,OK,东方财富期货库存数据,https://data.eastmoney.com/ifdata/kcsj.html
2026-07-10,LH,1203.0,-103.0,交易所披露单位,OK,东方财富期货库存数据,https://data.eastmoney.com/ifdata/kcsj.html
2026-07-13,LH,1195.0,-8.0,交易所披露单位,OK,东方财富期货库存数据,https://data.eastmoney.com/ifdata/kcsj.html
2026-07-14,LH,1195.0,,交易所披露单位,OK,东方财富期货库存数据,https://data.eastmoney.com/ifdata/kcsj.html
2026-07-15,LH,1172.0,-23.0,交易所披露单位,OK,东方财富期货库存数据,https://data.eastmoney.com/ifdata/kcsj.html
2026-07-16,LH,1140.0,-32.0,交易所披露单位,OK,东方财富期货库存数据,https://data.eastmoney.com/ifdata/kcsj.html
2026-07-17,LH,1119.0,-21.0,交易所披露单位,OK,东方财富期货库存数据,https://data.eastmoney.com/ifdata/kcsj.html
2026-07-20,LH,1106.0,-13.0,交易所披露单位,OK,东方财富期货库存数据,https://data.eastmoney.com/ifdata/kcsj.html
2026-07-21,LH,1088.0,-18.0,交易所披露单位,OK,东方财富期货库存数据,https://data.eastmoney.com/ifdata/kcsj.html
2026-07-22,LH,1084.0,-4.0,交易所披露单位,OK,东方财富期货库存数据,https://data.eastmoney.com/ifdata/kcsj.html
2026-07-23,LH,1084.0,,交易所披露单位,OK,东方财富期货库存数据,https://data.eastmoney.com/ifdata/kcsj.html
2026-07-24,LH,1082.0,-2.0,交易所披露单位,OK,东方财富期货库存数据,https://data.eastmoney.com/ifdata/kcsj.html
2026-06-25,M,40204.0,,交易所披露单位,OK,东方财富期货库存数据,https://data.eastmoney.com/ifdata/kcsj.html
2026-06-26,M,40204.0,,交易所披露单位,OK,东方财富期货库存数据,https://data.eastmoney.com/ifdata/kcsj.html
2026-06-29,M,40204.0,,交易所披露单位,OK,东方财富期货库存数据,https://data.eastmoney.com/ifdata/kcsj.html
2026-06-30,M,40204.0,,交易所披露单位,OK,东方财富期货库存数据,https://data.eastmoney.com/ifdata/kcsj.html
2026-07-01,M,40204.0,,交易所披露单位,OK,东方财富期货库存数据,https://data.eastmoney.com/ifdata/kcsj.html
2026-07-02,M,41204.0,1000.0,交易所披露单位,OK,东方财富期货库存数据,https://data.eastmoney.com/ifdata/kcsj.html
2026-07-03,M,41204.0,,交易所披露单位,OK,东方财富期货库存数据,https://data.eastmoney.com/ifdata/kcsj.html
2026-07-06,M,41667.0,463.0,交易所披露单位,OK,东方财富期货库存数据,https://data.eastmoney.com/ifdata/kcsj.html
2026-07-07,M,41667.0,,交易所披露单位,OK,东方财富期货库存数据,https://data.eastmoney.com/ifdata/kcsj.html
2026-07-08,M,41667.0,,交易所披露单位,OK,东方财富期货库存数据,https://data.eastmoney.com/ifdata/kcsj.html
2026-07-09,M,41467.0,-200.0,交易所披露单位,OK,东方财富期货库存数据,https://data.eastmoney.com/ifdata/kcsj.html
2026-07-10,M,41467.0,,交易所披露单位,OK,东方财富期货库存数据,https://data.eastmoney.com/ifdata/kcsj.html
2026-07-13,M,41467.0,,交易所披露单位,OK,东方财富期货库存数据,https://data.eastmoney.com/ifdata/kcsj.html
2026-07-14,M,41397.0,-70.0,交易所披露单位,OK,东方财富期货库存数据,https://data.eastmoney.com/ifdata/kcsj.html
2026-07-15,M,41356.0,-41.0,交易所披露单位,OK,东方财富期货库存数据,https://data.eastmoney.com/ifdata/kcsj.html
2026-07-16,M,41239.0,-117.0,交易所披露单位,OK,东方财富期货库存数据,https://data.eastmoney.com/ifdata/kcsj.html
2026-07-17,M,41044.0,-195.0,交易所披露单位,OK,东方财富期货库存数据,https://data.eastmoney.com/ifdata/kcsj.html
2026-07-20,M,40911.0,-133.0,交易所披露单位,OK,东方财富期货库存数据,https://data.eastmoney.com/ifdata/kcsj.html
2026-07-21,M,40733.0,-178.0,交易所披露单位,OK,东方财富期货库存数据,https://data.eastmoney.com/ifdata/kcsj.html
2026-07-22,M,40655.0,-78.0,交易所披露单位,OK,东方财富期货库存数据,https://data.eastmoney.com/ifdata/kcsj.html
2026-07-23,M,40518.0,-137.0,交易所披露单位,OK,东方财富期货库存数据,https://data.eastmoney.com/ifdata/kcsj.html
2026-07-24,M,40352.0,-166.0,交易所披露单位,OK,东方财富期货库存数据,https://data.eastmoney.com/ifdata/kcsj.html
2026-06-25,SA,6123.0,,交易所披露单位,OK,东方财富期货库存数据,https://data.eastmoney.com/ifdata/kcsj.html
2026-06-26,SA,5608.0,-515.0,交易所披露单位,OK,东方财富期货库存数据,https://data.eastmoney.com/ifdata/kcsj.html
2026-06-29,SA,5471.0,-137.0,交易所披露单位,OK,东方财富期货库存数据,https://data.eastmoney.com/ifdata/kcsj.html
2026-06-30,SA,3876.0,-1595.0,交易所披露单位,OK,东方财富期货库存数据,https://data.eastmoney.com/ifdata/kcsj.html
2026-07-01,SA,3876.0,,交易所披露单位,OK,东方财富期货库存数据,https://data.eastmoney.com/ifdata/kcsj.html
2026-07-02,SA,4656.0,780.0,交易所披露单位,OK,东方财富期货库存数据,https://data.eastmoney.com/ifdata/kcsj.html
2026-07-03,SA,4254.0,-402.0,交易所披露单位,OK,东方财富期货库存数据,https://data.eastmoney.com/ifdata/kcsj.html
2026-07-06,SA,5754.0,1500.0,交易所披露单位,OK,东方财富期货库存数据,https://data.eastmoney.com/ifdata/kcsj.html
2026-07-07,SA,4399.0,-1355.0,交易所披露单位,OK,东方财富期货库存数据,https://data.eastmoney.com/ifdata/kcsj.html
2026-07-08,SA,4001.0,-398.0,交易所披露单位,OK,东方财富期货库存数据,https://data.eastmoney.com/ifdata/kcsj.html
2026-07-09,SA,3860.0,-141.0,交易所披露单位,OK,东方财富期货库存数据,https://data.eastmoney.com/ifdata/kcsj.html
2026-07-10,SA,3760.0,-100.0,交易所披露单位,OK,东方财富期货库存数据,https://data.eastmoney.com/ifdata/kcsj.html
2026-07-13,SA,3640.0,-120.0,交易所披露单位,OK,东方财富期货库存数据,https://data.eastmoney.com/ifdata/kcsj.html
2026-07-14,SA,3315.0,-325.0,交易所披露单位,OK,东方财富期货库存数据,https://data.eastmoney.com/ifdata/kcsj.html
2026-07-15,SA,3297.0,-18.0,交易所披露单位,OK,东方财富期货库存数据,https://data.eastmoney.com/ifdata/kcsj.html
2026-07-16,SA,3297.0,,交易所披露单位,OK,东方财富期货库存数据,https://data.eastmoney.com/ifdata/kcsj.html
2026-07-17,SA,110.0,-3187.0,交易所披露单位,OK,东方财富期货库存数据,https://data.eastmoney.com/ifdata/kcsj.html
2026-07-20,SA,,-110.0,交易所披露单位,OK,东方财富期货库存数据,https://data.eastmoney.com/ifdata/kcsj.html
2026-07-21,SA,,,交易所披露单位,OK,东方财富期货库存数据,https://data.eastmoney.com/ifdata/kcsj.html
2026-07-22,SA,1560.0,1560.0,交易所披露单位,OK,东方财富期货库存数据,https://data.eastmoney.com/ifdata/kcsj.html
2026-07-23,SA,2360.0,800.0,交易所披露单位,OK,东方财富期货库存数据,https://data.eastmoney.com/ifdata/kcsj.html
2026-07-24,SA,2766.0,406.0,交易所披露单位,OK,东方财富期货库存数据,https://data.eastmoney.com/ifdata/kcsj.html
2026-06-25,SH,58.0,,交易所披露单位,OK,东方财富期货库存数据,https://data.eastmoney.com/ifdata/kcsj.html
2026-06-26,SH,48.0,-10.0,交易所披露单位,OK,东方财富期货库存数据,https://data.eastmoney.com/ifdata/kcsj.html
2026-06-29,SH,238.0,190.0,交易所披露单位,OK,东方财富期货库存数据,https://data.eastmoney.com/ifdata/kcsj.html
2026-06-30,SH,588.0,350.0,交易所披露单位,OK,东方财富期货库存数据,https://data.eastmoney.com/ifdata/kcsj.html
2026-07-01,SH,598.0,10.0,交易所披露单位,OK,东方财富期货库存数据,https://data.eastmoney.com/ifdata/kcsj.html
2026-07-02,SH,598.0,,交易所披露单位,OK,东方财富期货库存数据,https://data.eastmoney.com/ifdata/kcsj.html
2026-07-03,SH,497.0,-101.0,交易所披露单位,OK,东方财富期货库存数据,https://data.eastmoney.com/ifdata/kcsj.html
2026-07-06,SH,282.0,-215.0,交易所披露单位,OK,东方财富期货库存数据,https://data.eastmoney.com/ifdata/kcsj.html
2026-07-07,SH,243.0,-39.0,交易所披露单位,OK,东方财富期货库存数据,https://data.eastmoney.com/ifdata/kcsj.html
2026-07-08,SH,47.0,-196.0,交易所披露单位,OK,东方财富期货库存数据,https://data.eastmoney.com/ifdata/kcsj.html
2026-07-09,SH,108.0,61.0,交易所披露单位,OK,东方财富期货库存数据,https://data.eastmoney.com/ifdata/kcsj.html
2026-07-10,SH,108.0,,交易所披露单位,OK,东方财富期货库存数据,https://data.eastmoney.com/ifdata/kcsj.html
2026-07-13,SH,108.0,,交易所披露单位,OK,东方财富期货库存数据,https://data.eastmoney.com/ifdata/kcsj.html
2026-07-14,SH,13.0,-95.0,交易所披露单位,OK,东方财富期货库存数据,https://data.eastmoney.com/ifdata/kcsj.html
2026-07-15,SH,,-13.0,交易所披露单位,OK,东方财富期货库存数据,https://data.eastmoney.com/ifdata/kcsj.html
2026-07-16,SH,,,交易所披露单位,OK,东方财富期货库存数据,https://data.eastmoney.com/ifdata/kcsj.html
2026-07-17,SH,,,交易所披露单位,OK,东方财富期货库存数据,https://data.eastmoney.com/ifdata/kcsj.html
2026-07-20,SH,,,交易所披露单位,OK,东方财富期货库存数据,https://data.eastmoney.com/ifdata/kcsj.html
2026-07-21,SH,,,交易所披露单位,OK,东方财富期货库存数据,https://data.eastmoney.com/ifdata/kcsj.html
2026-07-22,SH,,,交易所披露单位,OK,东方财富期货库存数据,https://data.eastmoney.com/ifdata/kcsj.html
2026-07-23,SH,,,交易所披露单位,OK,东方财富期货库存数据,https://data.eastmoney.com/ifdata/kcsj.html
2026-07-24,SH,,,交易所披露单位,OK,东方财富期货库存数据,https://data.eastmoney.com/ifdata/kcsj.html
2026-06-25,SN,7435.0,-616.0,交易所披露单位,OK,东方财富期货库存数据,https://data.eastmoney.com/ifdata/kcsj.html
2026-06-26,SN,6849.0,-586.0,交易所披露单位,OK,东方财富期货库存数据,https://data.eastmoney.com/ifdata/kcsj.html
2026-06-29,SN,6287.0,-562.0,交易所披露单位,OK,东方财富期货库存数据,https://data.eastmoney.com/ifdata/kcsj.html
2026-06-30,SN,6036.0,-251.0,交易所披露单位,OK,东方财富期货库存数据,https://data.eastmoney.com/ifdata/kcsj.html
2026-07-01,SN,5618.0,-418.0,交易所披露单位,OK,东方财富期货库存数据,https://data.eastmoney.com/ifdata/kcsj.html
2026-07-02,SN,5220.0,-398.0,交易所披露单位,OK,东方财富期货库存数据,https://data.eastmoney.com/ifdata/kcsj.html
2026-07-03,SN,5045.0,-175.0,交易所披露单位,OK,东方财富期货库存数据,https://data.eastmoney.com/ifdata/kcsj.html
2026-07-06,SN,4956.0,-89.0,交易所披露单位,OK,东方财富期货库存数据,https://data.eastmoney.com/ifdata/kcsj.html
2026-07-07,SN,4907.0,-49.0,交易所披露单位,OK,东方财富期货库存数据,https://data.eastmoney.com/ifdata/kcsj.html
2026-07-08,SN,4861.0,-46.0,交易所披露单位,OK,东方财富期货库存数据,https://data.eastmoney.com/ifdata/kcsj.html
2026-07-09,SN,4791.0,-70.0,交易所披露单位,OK,东方财富期货库存数据,https://data.eastmoney.com/ifdata/kcsj.html
2026-07-10,SN,4861.0,70.0,交易所披露单位,OK,东方财富期货库存数据,https://data.eastmoney.com/ifdata/kcsj.html
2026-07-13,SN,4981.0,120.0,交易所披露单位,OK,东方财富期货库存数据,https://data.eastmoney.com/ifdata/kcsj.html
2026-07-14,SN,4873.0,-108.0,交易所披露单位,OK,东方财富期货库存数据,https://data.eastmoney.com/ifdata/kcsj.html
2026-07-15,SN,4892.0,19.0,交易所披露单位,OK,东方财富期货库存数据,https://data.eastmoney.com/ifdata/kcsj.html
2026-07-16,SN,4804.0,-88.0,交易所披露单位,OK,东方财富期货库存数据,https://data.eastmoney.com/ifdata/kcsj.html
2026-07-17,SN,4521.0,-283.0,交易所披露单位,OK,东方财富期货库存数据,https://data.eastmoney.com/ifdata/kcsj.html
2026-07-20,SN,4296.0,-225.0,交易所披露单位,OK,东方财富期货库存数据,https://data.eastmoney.com/ifdata/kcsj.html
2026-07-21,SN,4290.0,-6.0,交易所披露单位,OK,东方财富期货库存数据,https://data.eastmoney.com/ifdata/kcsj.html
2026-07-22,SN,4268.0,-22.0,交易所披露单位,OK,东方财富期货库存数据,https://data.eastmoney.com/ifdata/kcsj.html
2026-07-23,SN,4365.0,97.0,交易所披露单位,OK,东方财富期货库存数据,https://data.eastmoney.com/ifdata/kcsj.html
2026-07-24,SN,4322.0,-43.0,交易所披露单位,OK,东方财富期货库存数据,https://data.eastmoney.com/ifdata/kcsj.html
