source_date,symbol,variety,spot_price,main_contract,main_price,basis,basis_pct,basis_convention,status,source,source_url
2026-06-25,AG,白银,13830.0,2608,13811.0,19.0,0.14,现货价-主力期货价,OK,生意社期现基差表,https://www.100ppi.com/sf/day-2026-06-25.html
2026-06-26,AG,白银,13867.0,2608,14212.0,-345.0,-2.49,现货价-主力期货价,OK,生意社期现基差表,https://www.100ppi.com/sf/day-2026-06-26.html
2026-06-29,AG,白银,14185.67,2608,14272.0,-86.0,-0.61,现货价-主力期货价,OK,生意社期现基差表,https://www.100ppi.com/sf/day-2026-06-29.html
2026-06-30,AG,白银,14047.0,2608,14410.0,-363.0,-2.58,现货价-主力期货价,OK,生意社期现基差表,https://www.100ppi.com/sf/day-2026-06-30.html
2026-07-01,AG,白银,14059.67,2608,14032.0,27.0,0.19,现货价-主力期货价,OK,生意社期现基差表,https://www.100ppi.com/sf/day-2026-07-01.html
2026-07-02,AG,白银,14558.67,2608,14650.0,-91.0,-0.63,现货价-主力期货价,OK,生意社期现基差表,https://www.100ppi.com/sf/day-2026-07-02.html
2026-07-03,AG,白银,15150.67,2608,15256.0,-105.0,-0.69,现货价-主力期货价,OK,生意社期现基差表,https://www.100ppi.com/sf/day-2026-07-03.html
2026-07-06,AG,白银,15170.67,2608,15083.0,87.0,0.57,现货价-主力期货价,OK,生意社期现基差表,https://www.100ppi.com/sf/day-2026-07-06.html
2026-07-07,AG,白银,14904.0,2608,14880.0,24.0,0.16,现货价-主力期货价,OK,生意社期现基差表,https://www.100ppi.com/sf/day-2026-07-07.html
2026-07-08,AG,白银,14616.67,2608,14860.0,-243.0,-1.66,现货价-主力期货价,OK,生意社期现基差表,https://www.100ppi.com/sf/day-2026-07-08.html
2026-07-09,AG,白银,14184.67,2608,14403.0,-218.0,-1.54,现货价-主力期货价,OK,生意社期现基差表,https://www.100ppi.com/sf/day-2026-07-09.html
2026-07-10,AG,白银,14616.33,2608,14656.0,-39.0,-0.27,现货价-主力期货价,OK,生意社期现基差表,https://www.100ppi.com/sf/day-2026-07-10.html
2026-07-13,AG,白银,14304.33,2608,14135.0,169.0,1.18,现货价-主力期货价,OK,生意社期现基差表,https://www.100ppi.com/sf/day-2026-07-13.html
2026-07-14,AG,白银,13920.33,2608,14217.0,-296.0,-2.13,现货价-主力期货价,OK,生意社期现基差表,https://www.100ppi.com/sf/day-2026-07-14.html
2026-07-15,AG,白银,14215.0,2610,14253.0,-38.0,-0.27,现货价-主力期货价,OK,生意社期现基差表,https://www.100ppi.com/sf/day-2026-07-15.html
2026-07-16,AG,白银,13879.33,2610,13937.0,-57.0,-0.41,现货价-主力期货价,OK,生意社期现基差表,https://www.100ppi.com/sf/day-2026-07-16.html
2026-07-17,AG,白银,13450.67,2610,13545.0,-94.0,-0.7,现货价-主力期货价,OK,生意社期现基差表,https://www.100ppi.com/sf/day-2026-07-17.html
2026-07-20,AG,白银,13720.67,2610,13753.0,-32.0,-0.23,现货价-主力期货价,OK,生意社期现基差表,https://www.100ppi.com/sf/day-2026-07-20.html
2026-07-21,AG,白银,13975.0,2610,14420.0,-445.0,-3.18,现货价-主力期货价,OK,生意社期现基差表,https://www.100ppi.com/sf/day-2026-07-21.html
2026-07-22,AG,白银,14588.67,2610,14531.0,57.0,0.39,现货价-主力期货价,OK,生意社期现基差表,https://www.100ppi.com/sf/day-2026-07-22.html
2026-07-23,AG,白银,14559.0,2610,14614.0,-55.0,-0.38,现货价-主力期货价,OK,生意社期现基差表,https://www.100ppi.com/sf/day-2026-07-23.html
2026-07-24,AG,白银,14061.0,2610,14154.0,-93.0,-0.66,现货价-主力期货价,OK,生意社期现基差表,https://www.100ppi.com/sf/day-2026-07-24.html
2026-06-25,AU,黄金,883.72,2608,872.0,11.0,1.24,现货价-主力期货价,OK,生意社期现基差表,https://www.100ppi.com/sf/day-2026-06-25.html
2026-06-26,AU,黄金,873.75,2608,883.3,-9.0,-1.03,现货价-主力期货价,OK,生意社期现基差表,https://www.100ppi.com/sf/day-2026-06-26.html
2026-06-29,AU,黄金,888.27,2608,888.72,-0.45,-0.05,现货价-主力期货价,OK,生意社期现基差表,https://www.100ppi.com/sf/day-2026-06-29.html
2026-06-30,AU,黄金,869.92,2608,881.24,-11.0,-1.26,现货价-主力期货价,OK,生意社期现基差表,https://www.100ppi.com/sf/day-2026-06-30.html
2026-07-01,AU,黄金,869.05,2608,869.82,-0.77,-0.09,现货价-主力期货价,OK,生意社期现基差表,https://www.100ppi.com/sf/day-2026-07-01.html
2026-07-02,AU,黄金,886.61,2608,890.66,-4.05,-0.46,现货价-主力期货价,OK,生意社期现基差表,https://www.100ppi.com/sf/day-2026-07-02.html
2026-07-03,AU,黄金,911.07,2608,911.4,-0.33,-0.04,现货价-主力期货价,OK,生意社期现基差表,https://www.100ppi.com/sf/day-2026-07-03.html
2026-07-06,AU,黄金,909.81,2608,907.82,1.99,0.22,现货价-主力期货价,OK,生意社期现基差表,https://www.100ppi.com/sf/day-2026-07-06.html
2026-07-07,AU,黄金,903.25,2608,903.76,-0.51,-0.06,现货价-主力期货价,OK,生意社期现基差表,https://www.100ppi.com/sf/day-2026-07-07.html
2026-07-08,AU,黄金,901.29,2608,902.76,-1.47,-0.16,现货价-主力期货价,OK,生意社期现基差表,https://www.100ppi.com/sf/day-2026-07-08.html
2026-07-09,AU,黄金,892.61,2608,898.86,-6.0,-0.67,现货价-主力期货价,OK,生意社期现基差表,https://www.100ppi.com/sf/day-2026-07-09.html
2026-07-10,AU,黄金,898.99,2608,897.94,1.05,0.12,现货价-主力期货价,OK,生意社期现基差表,https://www.100ppi.com/sf/day-2026-07-10.html
2026-07-13,AU,黄金,890.85,2608,885.94,4.91,0.55,现货价-主力期货价,OK,生意社期现基差表,https://www.100ppi.com/sf/day-2026-07-13.html
2026-07-14,AU,黄金,877.96,2608,880.26,-2.3,-0.26,现货价-主力期货价,OK,生意社期现基差表,https://www.100ppi.com/sf/day-2026-07-14.html
2026-07-15,AU,黄金,878.81,2608,880.1,-1.29,-0.15,现货价-主力期货价,OK,生意社期现基差表,https://www.100ppi.com/sf/day-2026-07-15.html
2026-07-16,AU,黄金,878.7,2610,881.6,-2.9,-0.33,现货价-主力期货价,OK,生意社期现基差表,https://www.100ppi.com/sf/day-2026-07-16.html
2026-07-17,AU,黄金,871.39,2610,876.24,-4.85,-0.56,现货价-主力期货价,OK,生意社期现基差表,https://www.100ppi.com/sf/day-2026-07-17.html
2026-07-20,AU,黄金,874.74,2610,876.64,-1.9,-0.22,现货价-主力期货价,OK,生意社期现基差表,https://www.100ppi.com/sf/day-2026-07-20.html
2026-07-21,AU,黄金,877.32,2610,892.4,-15.0,-1.71,现货价-主力期货价,OK,生意社期现基差表,https://www.100ppi.com/sf/day-2026-07-21.html
2026-07-22,AU,黄金,899.94,2610,901.74,-1.8,-0.2,现货价-主力期货价,OK,生意社期现基差表,https://www.100ppi.com/sf/day-2026-07-22.html
2026-07-23,AU,黄金,898.24,2610,901.76,-3.52,-0.39,现货价-主力期货价,OK,生意社期现基差表,https://www.100ppi.com/sf/day-2026-07-23.html
2026-07-24,AU,黄金,881.28,2610,883.8,-2.52,-0.29,现货价-主力期货价,OK,生意社期现基差表,https://www.100ppi.com/sf/day-2026-07-24.html
2026-06-25,FG,玻璃,12.7,2609,975.0,40.0,3.94,现货价-主力期货价,OK,生意社期现基差表,https://www.100ppi.com/sf/day-2026-06-25.html
2026-06-26,FG,玻璃,12.7,2609,968.0,47.0,4.63,现货价-主力期货价,OK,生意社期现基差表,https://www.100ppi.com/sf/day-2026-06-26.html
2026-06-29,FG,玻璃,12.7,2609,978.0,37.0,3.64,现货价-主力期货价,OK,生意社期现基差表,https://www.100ppi.com/sf/day-2026-06-29.html
2026-06-30,FG,玻璃,12.7,2609,975.0,40.0,3.94,现货价-主力期货价,OK,生意社期现基差表,https://www.100ppi.com/sf/day-2026-06-30.html
2026-07-01,FG,玻璃,12.7,2609,961.0,54.0,5.31,现货价-主力期货价,OK,生意社期现基差表,https://www.100ppi.com/sf/day-2026-07-01.html
2026-07-02,FG,玻璃,12.7,2609,966.0,49.0,4.82,现货价-主力期货价,OK,生意社期现基差表,https://www.100ppi.com/sf/day-2026-07-02.html
2026-07-03,FG,玻璃,12.73,2609,973.0,45.0,4.42,现货价-主力期货价,OK,生意社期现基差表,https://www.100ppi.com/sf/day-2026-07-03.html
2026-07-06,FG,玻璃,12.78,2609,967.0,55.0,5.38,现货价-主力期货价,OK,生意社期现基差表,https://www.100ppi.com/sf/day-2026-07-06.html
2026-07-07,FG,玻璃,12.78,2609,952.0,70.0,6.85,现货价-主力期货价,OK,生意社期现基差表,https://www.100ppi.com/sf/day-2026-07-07.html
2026-07-08,FG,玻璃,12.68,2609,962.0,52.0,5.13,现货价-主力期货价,OK,生意社期现基差表,https://www.100ppi.com/sf/day-2026-07-08.html
2026-07-09,FG,玻璃,12.68,2609,957.0,57.0,5.62,现货价-主力期货价,OK,生意社期现基差表,https://www.100ppi.com/sf/day-2026-07-09.html
2026-07-10,FG,玻璃,12.68,2609,965.0,49.0,4.83,现货价-主力期货价,OK,生意社期现基差表,https://www.100ppi.com/sf/day-2026-07-10.html
2026-07-13,FG,玻璃,12.68,2609,952.0,62.0,6.11,现货价-主力期货价,OK,生意社期现基差表,https://www.100ppi.com/sf/day-2026-07-13.html
2026-07-14,FG,玻璃,12.68,2609,951.0,63.0,6.21,现货价-主力期货价,OK,生意社期现基差表,https://www.100ppi.com/sf/day-2026-07-14.html
2026-07-15,FG,玻璃,12.68,2609,949.0,65.0,6.41,现货价-主力期货价,OK,生意社期现基差表,https://www.100ppi.com/sf/day-2026-07-15.html
2026-07-16,FG,玻璃,12.68,2609,929.0,85.0,8.38,现货价-主力期货价,OK,生意社期现基差表,https://www.100ppi.com/sf/day-2026-07-16.html
2026-07-17,FG,玻璃,12.68,2609,900.0,114.0,11.24,现货价-主力期货价,OK,生意社期现基差表,https://www.100ppi.com/sf/day-2026-07-17.html
2026-07-20,FG,玻璃,12.68,2609,890.0,124.0,12.22,现货价-主力期货价,OK,生意社期现基差表,https://www.100ppi.com/sf/day-2026-07-20.html
2026-07-21,FG,玻璃,12.68,2609,904.0,110.0,10.84,现货价-主力期货价,OK,生意社期现基差表,https://www.100ppi.com/sf/day-2026-07-21.html
2026-07-22,FG,玻璃,12.68,2609,913.0,101.0,9.96,现货价-主力期货价,OK,生意社期现基差表,https://www.100ppi.com/sf/day-2026-07-22.html
2026-07-23,FG,玻璃,12.68,2609,899.0,115.0,11.34,现货价-主力期货价,OK,生意社期现基差表,https://www.100ppi.com/sf/day-2026-07-23.html
2026-07-24,FG,玻璃,12.63,2609,908.0,102.0,10.1,现货价-主力期货价,OK,生意社期现基差表,https://www.100ppi.com/sf/day-2026-07-24.html
2026-06-25,FU,燃料油,6087.5,2609,2922.0,3165.0,51.99,现货价-主力期货价,OK,生意社期现基差表,https://www.100ppi.com/sf/day-2026-06-25.html
2026-06-26,FU,燃料油,6087.5,2609,2975.0,3112.0,51.12,现货价-主力期货价,OK,生意社期现基差表,https://www.100ppi.com/sf/day-2026-06-26.html
2026-06-29,FU,燃料油,6037.5,2609,2980.0,3057.0,50.63,现货价-主力期货价,OK,生意社期现基差表,https://www.100ppi.com/sf/day-2026-06-29.html
2026-06-30,FU,燃料油,6037.5,2609,2956.0,3081.0,51.03,现货价-主力期货价,OK,生意社期现基差表,https://www.100ppi.com/sf/day-2026-06-30.html
2026-07-01,FU,燃料油,6037.5,2609,2909.0,3128.0,51.81,现货价-主力期货价,OK,生意社期现基差表,https://www.100ppi.com/sf/day-2026-07-01.html
2026-07-02,FU,燃料油,6025.0,2609,2859.0,3166.0,52.55,现货价-主力期货价,OK,生意社期现基差表,https://www.100ppi.com/sf/day-2026-07-02.html
2026-07-03,FU,燃料油,6050.0,2609,2928.0,3122.0,51.6,现货价-主力期货价,OK,生意社期现基差表,https://www.100ppi.com/sf/day-2026-07-03.html
2026-07-06,FU,燃料油,6050.0,2609,2951.0,3099.0,51.22,现货价-主力期货价,OK,生意社期现基差表,https://www.100ppi.com/sf/day-2026-07-06.html
2026-07-07,FU,燃料油,6000.0,2609,2945.0,3055.0,50.92,现货价-主力期货价,OK,生意社期现基差表,https://www.100ppi.com/sf/day-2026-07-07.html
2026-07-08,FU,燃料油,5975.0,2609,3104.0,2871.0,48.05,现货价-主力期货价,OK,生意社期现基差表,https://www.100ppi.com/sf/day-2026-07-08.html
2026-07-09,FU,燃料油,5975.0,2609,3149.0,2826.0,47.3,现货价-主力期货价,OK,生意社期现基差表,https://www.100ppi.com/sf/day-2026-07-09.html
2026-07-10,FU,燃料油,5975.0,2609,3130.0,2845.0,47.62,现货价-主力期货价,OK,生意社期现基差表,https://www.100ppi.com/sf/day-2026-07-10.html
2026-07-13,FU,燃料油,5987.5,2609,3279.0,2708.0,45.23,现货价-主力期货价,OK,生意社期现基差表,https://www.100ppi.com/sf/day-2026-07-13.html
2026-07-14,FU,燃料油,6050.0,2609,3504.0,2546.0,42.08,现货价-主力期货价,OK,生意社期现基差表,https://www.100ppi.com/sf/day-2026-07-14.html
2026-07-15,FU,燃料油,6100.0,2609,3605.0,2495.0,40.9,现货价-主力期货价,OK,生意社期现基差表,https://www.100ppi.com/sf/day-2026-07-15.html
2026-07-16,FU,燃料油,6062.5,2609,3563.0,2499.0,41.22,现货价-主力期货价,OK,生意社期现基差表,https://www.100ppi.com/sf/day-2026-07-16.html
2026-07-17,FU,燃料油,6062.5,2609,3565.0,2497.0,41.19,现货价-主力期货价,OK,生意社期现基差表,https://www.100ppi.com/sf/day-2026-07-17.html
2026-07-20,FU,燃料油,6187.5,2609,3775.0,2412.0,38.98,现货价-主力期货价,OK,生意社期现基差表,https://www.100ppi.com/sf/day-2026-07-20.html
2026-07-21,FU,燃料油,6225.0,2609,3628.0,2597.0,41.72,现货价-主力期货价,OK,生意社期现基差表,https://www.100ppi.com/sf/day-2026-07-21.html
2026-07-22,FU,燃料油,6200.0,2609,3794.0,2406.0,38.81,现货价-主力期货价,OK,生意社期现基差表,https://www.100ppi.com/sf/day-2026-07-22.html
2026-07-23,FU,燃料油,6175.0,2609,3896.0,2279.0,36.91,现货价-主力期货价,OK,生意社期现基差表,https://www.100ppi.com/sf/day-2026-07-23.html
2026-07-24,FU,燃料油,6250.0,2609,3879.0,2371.0,37.94,现货价-主力期货价,OK,生意社期现基差表,https://www.100ppi.com/sf/day-2026-07-24.html
2026-06-25,JD,鸡蛋,8.88,2608,4388.0,52.0,1.17,现货价-主力期货价,OK,生意社期现基差表,https://www.100ppi.com/sf/day-2026-06-25.html
2026-06-26,JD,鸡蛋,8.7,2608,4324.0,26.0,0.6,现货价-主力期货价,OK,生意社期现基差表,https://www.100ppi.com/sf/day-2026-06-26.html
2026-06-29,JD,鸡蛋,8.5,2608,4421.0,-171.0,-4.02,现货价-主力期货价,OK,生意社期现基差表,https://www.100ppi.com/sf/day-2026-06-29.html
2026-06-30,JD,鸡蛋,8.5,2608,4485.0,-235.0,-5.53,现货价-主力期货价,OK,生意社期现基差表,https://www.100ppi.com/sf/day-2026-06-30.html
2026-07-01,JD,鸡蛋,8.65,2608,4468.0,-143.0,-3.31,现货价-主力期货价,OK,生意社期现基差表,https://www.100ppi.com/sf/day-2026-07-01.html
2026-07-02,JD,鸡蛋,8.9,2608,4524.0,-74.0,-1.66,现货价-主力期货价,OK,生意社期现基差表,https://www.100ppi.com/sf/day-2026-07-02.html
2026-07-03,JD,鸡蛋,9.0,2608,4555.0,-55.0,-1.22,现货价-主力期货价,OK,生意社期现基差表,https://www.100ppi.com/sf/day-2026-07-03.html
2026-07-06,JD,鸡蛋,9.0,2608,4707.0,-207.0,-4.6,现货价-主力期货价,OK,生意社期现基差表,https://www.100ppi.com/sf/day-2026-07-06.html
2026-07-07,JD,鸡蛋,9.23,2608,4718.0,-103.0,-2.23,现货价-主力期货价,OK,生意社期现基差表,https://www.100ppi.com/sf/day-2026-07-07.html
2026-07-08,JD,鸡蛋,9.4,2608,4714.0,-14.0,-0.3,现货价-主力期货价,OK,生意社期现基差表,https://www.100ppi.com/sf/day-2026-07-08.html
2026-07-09,JD,鸡蛋,9.53,2609,4507.0,258.0,5.41,现货价-主力期货价,OK,生意社期现基差表,https://www.100ppi.com/sf/day-2026-07-09.html
2026-07-10,JD,鸡蛋,9.6,2609,4638.0,162.0,3.38,现货价-主力期货价,OK,生意社期现基差表,https://www.100ppi.com/sf/day-2026-07-10.html
2026-07-13,JD,鸡蛋,9.6,2609,4529.0,271.0,5.65,现货价-主力期货价,OK,生意社期现基差表,https://www.100ppi.com/sf/day-2026-07-13.html
2026-07-14,JD,鸡蛋,9.8,2609,4366.0,534.0,10.9,现货价-主力期货价,OK,生意社期现基差表,https://www.100ppi.com/sf/day-2026-07-14.html
2026-07-15,JD,鸡蛋,9.8,2609,4432.0,468.0,9.55,现货价-主力期货价,OK,生意社期现基差表,https://www.100ppi.com/sf/day-2026-07-15.html
2026-07-16,JD,鸡蛋,9.8,2609,4377.0,523.0,10.67,现货价-主力期货价,OK,生意社期现基差表,https://www.100ppi.com/sf/day-2026-07-16.html
2026-07-17,JD,鸡蛋,9.8,2609,4342.0,558.0,11.39,现货价-主力期货价,OK,生意社期现基差表,https://www.100ppi.com/sf/day-2026-07-17.html
2026-07-20,JD,鸡蛋,9.85,2609,4191.0,734.0,14.9,现货价-主力期货价,OK,生意社期现基差表,https://www.100ppi.com/sf/day-2026-07-20.html
2026-07-21,JD,鸡蛋,9.9,2609,4153.0,797.0,16.1,现货价-主力期货价,OK,生意社期现基差表,https://www.100ppi.com/sf/day-2026-07-21.html
2026-07-22,JD,鸡蛋,9.9,2609,4131.0,819.0,16.55,现货价-主力期货价,OK,生意社期现基差表,https://www.100ppi.com/sf/day-2026-07-22.html
2026-07-23,JD,鸡蛋,9.85,2609,4144.0,781.0,15.86,现货价-主力期货价,OK,生意社期现基差表,https://www.100ppi.com/sf/day-2026-07-23.html
2026-07-24,JD,鸡蛋,9.73,2609,4022.0,843.0,17.33,现货价-主力期货价,OK,生意社期现基差表,https://www.100ppi.com/sf/day-2026-07-24.html
2026-06-25,JM,焦煤,1911.25,2609,1238.5,672.0,35.16,现货价-主力期货价,OK,生意社期现基差表,https://www.100ppi.com/sf/day-2026-06-25.html
2026-06-26,JM,焦煤,1911.25,2609,1248.5,662.0,34.64,现货价-主力期货价,OK,生意社期现基差表,https://www.100ppi.com/sf/day-2026-06-26.html
2026-06-29,JM,焦煤,1911.25,2609,1294.5,616.0,32.23,现货价-主力期货价,OK,生意社期现基差表,https://www.100ppi.com/sf/day-2026-06-29.html
2026-06-30,JM,焦煤,1911.25,2609,1280.5,630.0,32.96,现货价-主力期货价,OK,生意社期现基差表,https://www.100ppi.com/sf/day-2026-06-30.html
2026-07-01,JM,焦煤,1911.25,2609,1262.0,649.0,33.96,现货价-主力期货价,OK,生意社期现基差表,https://www.100ppi.com/sf/day-2026-07-01.html
2026-07-02,JM,焦煤,1911.25,2609,1267.5,643.0,33.64,现货价-主力期货价,OK,生意社期现基差表,https://www.100ppi.com/sf/day-2026-07-02.html
2026-07-03,JM,焦煤,1911.25,2609,1282.0,629.0,32.91,现货价-主力期货价,OK,生意社期现基差表,https://www.100ppi.com/sf/day-2026-07-03.html
2026-07-06,JM,焦煤,1911.25,2609,1283.5,627.0,32.81,现货价-主力期货价,OK,生意社期现基差表,https://www.100ppi.com/sf/day-2026-07-06.html
2026-07-07,JM,焦煤,1911.25,2609,1273.0,638.0,33.38,现货价-主力期货价,OK,生意社期现基差表,https://www.100ppi.com/sf/day-2026-07-07.html
2026-07-08,JM,焦煤,1911.25,2609,1293.5,617.0,32.28,现货价-主力期货价,OK,生意社期现基差表,https://www.100ppi.com/sf/day-2026-07-08.html
2026-07-09,JM,焦煤,1891.25,2609,1290.0,601.0,31.78,现货价-主力期货价,OK,生意社期现基差表,https://www.100ppi.com/sf/day-2026-07-09.html
2026-07-10,JM,焦煤,1891.25,2609,1257.5,633.0,33.47,现货价-主力期货价,OK,生意社期现基差表,https://www.100ppi.com/sf/day-2026-07-10.html
2026-07-13,JM,焦煤,1878.75,2609,1239.0,639.0,34.01,现货价-主力期货价,OK,生意社期现基差表,https://www.100ppi.com/sf/day-2026-07-13.html
2026-07-14,JM,焦煤,1878.75,2609,1260.0,618.0,32.89,现货价-主力期货价,OK,生意社期现基差表,https://www.100ppi.com/sf/day-2026-07-14.html
2026-07-15,JM,焦煤,1878.75,2609,1273.0,605.0,32.2,现货价-主力期货价,OK,生意社期现基差表,https://www.100ppi.com/sf/day-2026-07-15.html
2026-07-16,JM,焦煤,1878.75,2609,1261.0,617.0,32.84,现货价-主力期货价,OK,生意社期现基差表,https://www.100ppi.com/sf/day-2026-07-16.html
2026-07-17,JM,焦煤,1861.25,2609,1260.5,600.0,32.24,现货价-主力期货价,OK,生意社期现基差表,https://www.100ppi.com/sf/day-2026-07-17.html
2026-07-20,JM,焦煤,1846.25,2609,1272.0,574.0,31.09,现货价-主力期货价,OK,生意社期现基差表,https://www.100ppi.com/sf/day-2026-07-20.html
2026-07-21,JM,焦煤,1846.25,2609,1275.0,571.0,30.93,现货价-主力期货价,OK,生意社期现基差表,https://www.100ppi.com/sf/day-2026-07-21.html
2026-07-22,JM,焦煤,1846.25,2609,1266.0,580.0,31.42,现货价-主力期货价,OK,生意社期现基差表,https://www.100ppi.com/sf/day-2026-07-22.html
2026-07-23,JM,焦煤,1846.25,2609,1287.5,558.0,30.22,现货价-主力期货价,OK,生意社期现基差表,https://www.100ppi.com/sf/day-2026-07-23.html
2026-07-24,JM,焦煤,1846.25,2609,1285.0,561.0,30.39,现货价-主力期货价,OK,生意社期现基差表,https://www.100ppi.com/sf/day-2026-07-24.html
2026-06-25,LC,碳酸锂,154000.0,2609,150840.0,3160.0,2.05,现货价-主力期货价,OK,生意社期现基差表,https://www.100ppi.com/sf/day-2026-06-25.html
2026-06-26,LC,碳酸锂,150000.0,2609,150220.0,-220.0,-0.15,现货价-主力期货价,OK,生意社期现基差表,https://www.100ppi.com/sf/day-2026-06-26.html
2026-06-29,LC,碳酸锂,149000.0,2609,153920.0,-4920.0,-3.3,现货价-主力期货价,OK,生意社期现基差表,https://www.100ppi.com/sf/day-2026-06-29.html
2026-06-30,LC,碳酸锂,156000.0,2609,163360.0,-7360.0,-4.72,现货价-主力期货价,OK,生意社期现基差表,https://www.100ppi.com/sf/day-2026-06-30.html
2026-07-01,LC,碳酸锂,161000.0,2609,164560.0,-3560.0,-2.21,现货价-主力期货价,OK,生意社期现基差表,https://www.100ppi.com/sf/day-2026-07-01.html
2026-07-02,LC,碳酸锂,163000.0,2609,164040.0,-1040.0,-0.64,现货价-主力期货价,OK,生意社期现基差表,https://www.100ppi.com/sf/day-2026-07-02.html
2026-07-03,LC,碳酸锂,166000.0,2609,168780.0,-2780.0,-1.67,现货价-主力期货价,OK,生意社期现基差表,https://www.100ppi.com/sf/day-2026-07-03.html
2026-07-06,LC,碳酸锂,162000.0,2609,164560.0,-2560.0,-1.58,现货价-主力期货价,OK,生意社期现基差表,https://www.100ppi.com/sf/day-2026-07-06.html
2026-07-07,LC,碳酸锂,162000.0,2609,163360.0,-1360.0,-0.84,现货价-主力期货价,OK,生意社期现基差表,https://www.100ppi.com/sf/day-2026-07-07.html
2026-07-08,LC,碳酸锂,163000.0,2609,158440.0,4560.0,2.8,现货价-主力期货价,OK,生意社期现基差表,https://www.100ppi.com/sf/day-2026-07-08.html
2026-07-09,LC,碳酸锂,156000.0,2609,153020.0,2980.0,1.91,现货价-主力期货价,OK,生意社期现基差表,https://www.100ppi.com/sf/day-2026-07-09.html
2026-07-10,LC,碳酸锂,154000.0,2609,151600.0,2400.0,1.56,现货价-主力期货价,OK,生意社期现基差表,https://www.100ppi.com/sf/day-2026-07-10.html
2026-07-13,LC,碳酸锂,153000.0,2609,152240.0,760.0,0.5,现货价-主力期货价,OK,生意社期现基差表,https://www.100ppi.com/sf/day-2026-07-13.html
2026-07-14,LC,碳酸锂,153000.0,2609,153180.0,-180.0,-0.12,现货价-主力期货价,OK,生意社期现基差表,https://www.100ppi.com/sf/day-2026-07-14.html
2026-07-15,LC,碳酸锂,153000.0,2609,149240.0,3760.0,2.46,现货价-主力期货价,OK,生意社期现基差表,https://www.100ppi.com/sf/day-2026-07-15.html
2026-07-16,LC,碳酸锂,151000.0,2609,151660.0,-660.0,-0.44,现货价-主力期货价,OK,生意社期现基差表,https://www.100ppi.com/sf/day-2026-07-16.html
2026-07-17,LC,碳酸锂,151000.0,2609,150140.0,860.0,0.57,现货价-主力期货价,OK,生意社期现基差表,https://www.100ppi.com/sf/day-2026-07-17.html
2026-07-20,LC,碳酸锂,149000.0,2609,143900.0,5100.0,3.42,现货价-主力期货价,OK,生意社期现基差表,https://www.100ppi.com/sf/day-2026-07-20.html
2026-07-21,LC,碳酸锂,142000.0,2609,141620.0,380.0,0.27,现货价-主力期货价,OK,生意社期现基差表,https://www.100ppi.com/sf/day-2026-07-21.html
2026-07-22,LC,碳酸锂,142000.0,2609,143300.0,-1300.0,-0.92,现货价-主力期货价,OK,生意社期现基差表,https://www.100ppi.com/sf/day-2026-07-22.html
2026-07-23,LC,碳酸锂,145000.0,2609,145000.0,0.0,0.0,现货价-主力期货价,OK,生意社期现基差表,https://www.100ppi.com/sf/day-2026-07-23.html
2026-07-24,LC,碳酸锂,143000.0,2609,144280.0,-1280.0,-0.9,现货价-主力期货价,OK,生意社期现基差表,https://www.100ppi.com/sf/day-2026-07-24.html
2026-06-25,LH,生猪,9.5,2609,11780.0,-2280.0,-24.0,现货价-主力期货价,OK,生意社期现基差表,https://www.100ppi.com/sf/day-2026-06-25.html
2026-06-26,LH,生猪,9.47,2609,11935.0,-2465.0,-26.03,现货价-主力期货价,OK,生意社期现基差表,https://www.100ppi.com/sf/day-2026-06-26.html
2026-06-29,LH,生猪,9.58,2609,12415.0,-2835.0,-29.59,现货价-主力期货价,OK,生意社期现基差表,https://www.100ppi.com/sf/day-2026-06-29.html
2026-06-30,LH,生猪,9.67,2609,12295.0,-2625.0,-27.15,现货价-主力期货价,OK,生意社期现基差表,https://www.100ppi.com/sf/day-2026-06-30.html
2026-07-01,LH,生猪,9.78,2609,12270.0,-2490.0,-25.46,现货价-主力期货价,OK,生意社期现基差表,https://www.100ppi.com/sf/day-2026-07-01.html
2026-07-02,LH,生猪,10.07,2609,12255.0,-2185.0,-21.7,现货价-主力期货价,OK,生意社期现基差表,https://www.100ppi.com/sf/day-2026-07-02.html
2026-07-03,LH,生猪,10.22,2609,12315.0,-2095.0,-20.5,现货价-主力期货价,OK,生意社期现基差表,https://www.100ppi.com/sf/day-2026-07-03.html
2026-07-06,LH,生猪,10.73,2609,12340.0,-1610.0,-15.0,现货价-主力期货价,OK,生意社期现基差表,https://www.100ppi.com/sf/day-2026-07-06.html
2026-07-07,LH,生猪,11.02,2609,12285.0,-1265.0,-11.48,现货价-主力期货价,OK,生意社期现基差表,https://www.100ppi.com/sf/day-2026-07-07.html
2026-07-08,LH,生猪,11.05,2609,12245.0,-1195.0,-10.81,现货价-主力期货价,OK,生意社期现基差表,https://www.100ppi.com/sf/day-2026-07-08.html
2026-07-09,LH,生猪,11.05,2609,12215.0,-1165.0,-10.54,现货价-主力期货价,OK,生意社期现基差表,https://www.100ppi.com/sf/day-2026-07-09.html
2026-07-10,LH,生猪,11.05,2609,12450.0,-1400.0,-12.67,现货价-主力期货价,OK,生意社期现基差表,https://www.100ppi.com/sf/day-2026-07-10.html
2026-07-13,LH,生猪,11.05,2609,12015.0,-965.0,-8.73,现货价-主力期货价,OK,生意社期现基差表,https://www.100ppi.com/sf/day-2026-07-13.html
2026-07-14,LH,生猪,11.02,2609,12050.0,-1030.0,-9.35,现货价-主力期货价,OK,生意社期现基差表,https://www.100ppi.com/sf/day-2026-07-14.html
2026-07-15,LH,生猪,10.98,2609,11960.0,-980.0,-8.93,现货价-主力期货价,OK,生意社期现基差表,https://www.100ppi.com/sf/day-2026-07-15.html
2026-07-16,LH,生猪,10.97,2609,11915.0,-945.0,-8.61,现货价-主力期货价,OK,生意社期现基差表,https://www.100ppi.com/sf/day-2026-07-16.html
2026-07-17,LH,生猪,10.9,2609,11765.0,-865.0,-7.94,现货价-主力期货价,OK,生意社期现基差表,https://www.100ppi.com/sf/day-2026-07-17.html
2026-07-20,LH,生猪,10.87,2609,11475.0,-605.0,-5.57,现货价-主力期货价,OK,生意社期现基差表,https://www.100ppi.com/sf/day-2026-07-20.html
2026-07-21,LH,生猪,10.85,2609,11425.0,-575.0,-5.3,现货价-主力期货价,OK,生意社期现基差表,https://www.100ppi.com/sf/day-2026-07-21.html
2026-07-22,LH,生猪,10.77,2609,11275.0,-505.0,-4.69,现货价-主力期货价,OK,生意社期现基差表,https://www.100ppi.com/sf/day-2026-07-22.html
2026-07-23,LH,生猪,10.68,2609,11330.0,-650.0,-6.09,现货价-主力期货价,OK,生意社期现基差表,https://www.100ppi.com/sf/day-2026-07-23.html
2026-07-24,LH,生猪,10.67,2609,11065.0,-395.0,-3.7,现货价-主力期货价,OK,生意社期现基差表,https://www.100ppi.com/sf/day-2026-07-24.html
2026-06-25,M,豆粕,2876.0,2609,2958.0,-82.0,-2.85,现货价-主力期货价,OK,生意社期现基差表,https://www.100ppi.com/sf/day-2026-06-25.html
2026-06-26,M,豆粕,2900.0,2609,2974.0,-74.0,-2.55,现货价-主力期货价,OK,生意社期现基差表,https://www.100ppi.com/sf/day-2026-06-26.html
2026-06-29,M,豆粕,2908.0,2609,2967.0,-59.0,-2.03,现货价-主力期货价,OK,生意社期现基差表,https://www.100ppi.com/sf/day-2026-06-29.html
2026-06-30,M,豆粕,2902.0,2609,2943.0,-41.0,-1.41,现货价-主力期货价,OK,生意社期现基差表,https://www.100ppi.com/sf/day-2026-06-30.html
2026-07-01,M,豆粕,2904.0,2609,2965.0,-61.0,-2.1,现货价-主力期货价,OK,生意社期现基差表,https://www.100ppi.com/sf/day-2026-07-01.html
2026-07-02,M,豆粕,2928.0,2609,2977.0,-49.0,-1.67,现货价-主力期货价,OK,生意社期现基差表,https://www.100ppi.com/sf/day-2026-07-02.html
2026-07-03,M,豆粕,2920.0,2609,2962.0,-42.0,-1.44,现货价-主力期货价,OK,生意社期现基差表,https://www.100ppi.com/sf/day-2026-07-03.html
2026-07-06,M,豆粕,2950.0,2609,3026.0,-76.0,-2.58,现货价-主力期货价,OK,生意社期现基差表,https://www.100ppi.com/sf/day-2026-07-06.html
2026-07-07,M,豆粕,2962.0,2609,3045.0,-83.0,-2.8,现货价-主力期货价,OK,生意社期现基差表,https://www.100ppi.com/sf/day-2026-07-07.html
2026-07-08,M,豆粕,2976.0,2609,3051.0,-75.0,-2.52,现货价-主力期货价,OK,生意社期现基差表,https://www.100ppi.com/sf/day-2026-07-08.html
2026-07-09,M,豆粕,2976.0,2609,3052.0,-76.0,-2.55,现货价-主力期货价,OK,生意社期现基差表,https://www.100ppi.com/sf/day-2026-07-09.html
2026-07-10,M,豆粕,2976.0,2609,3049.0,-73.0,-2.45,现货价-主力期货价,OK,生意社期现基差表,https://www.100ppi.com/sf/day-2026-07-10.html
2026-07-13,M,豆粕,3004.0,2609,3050.0,-46.0,-1.53,现货价-主力期货价,OK,生意社期现基差表,https://www.100ppi.com/sf/day-2026-07-13.html
2026-07-14,M,豆粕,3000.0,2609,3049.0,-49.0,-1.63,现货价-主力期货价,OK,生意社期现基差表,https://www.100ppi.com/sf/day-2026-07-14.html
2026-07-15,M,豆粕,2990.0,2609,3066.0,-76.0,-2.54,现货价-主力期货价,OK,生意社期现基差表,https://www.100ppi.com/sf/day-2026-07-15.html
2026-07-16,M,豆粕,3010.0,2609,3067.0,-57.0,-1.89,现货价-主力期货价,OK,生意社期现基差表,https://www.100ppi.com/sf/day-2026-07-16.html
2026-07-17,M,豆粕,2996.0,2609,3061.0,-65.0,-2.17,现货价-主力期货价,OK,生意社期现基差表,https://www.100ppi.com/sf/day-2026-07-17.html
2026-07-20,M,豆粕,3018.0,2609,3129.0,-111.0,-3.68,现货价-主力期货价,OK,生意社期现基差表,https://www.100ppi.com/sf/day-2026-07-20.html
2026-07-21,M,豆粕,3050.0,2609,3148.0,-98.0,-3.21,现货价-主力期货价,OK,生意社期现基差表,https://www.100ppi.com/sf/day-2026-07-21.html
2026-07-22,M,豆粕,3070.0,2609,3146.0,-76.0,-2.48,现货价-主力期货价,OK,生意社期现基差表,https://www.100ppi.com/sf/day-2026-07-22.html
2026-07-23,M,豆粕,3108.0,2609,3175.0,-67.0,-2.16,现货价-主力期货价,OK,生意社期现基差表,https://www.100ppi.com/sf/day-2026-07-23.html
2026-07-24,M,豆粕,3090.0,2609,3225.0,-135.0,-4.37,现货价-主力期货价,OK,生意社期现基差表,https://www.100ppi.com/sf/day-2026-07-24.html
2026-06-25,SA,纯碱,1202.86,2609,1111.0,91.0,7.57,现货价-主力期货价,OK,生意社期现基差表,https://www.100ppi.com/sf/day-2026-06-25.html
2026-06-26,SA,纯碱,1195.71,2609,1096.0,99.0,8.28,现货价-主力期货价,OK,生意社期现基差表,https://www.100ppi.com/sf/day-2026-06-26.html
2026-06-29,SA,纯碱,1195.71,2609,1103.0,92.0,7.69,现货价-主力期货价,OK,生意社期现基差表,https://www.100ppi.com/sf/day-2026-06-29.html
2026-06-30,SA,纯碱,1191.43,2609,1086.0,105.0,8.81,现货价-主力期货价,OK,生意社期现基差表,https://www.100ppi.com/sf/day-2026-06-30.html
2026-07-01,SA,纯碱,1164.29,2609,1089.0,75.0,6.44,现货价-主力期货价,OK,生意社期现基差表,https://www.100ppi.com/sf/day-2026-07-01.html
2026-07-02,SA,纯碱,1164.29,2609,1103.0,61.0,5.24,现货价-主力期货价,OK,生意社期现基差表,https://www.100ppi.com/sf/day-2026-07-02.html
2026-07-03,SA,纯碱,1164.29,2609,1103.0,61.0,5.24,现货价-主力期货价,OK,生意社期现基差表,https://www.100ppi.com/sf/day-2026-07-03.html
2026-07-06,SA,纯碱,1161.43,2609,1101.0,60.0,5.17,现货价-主力期货价,OK,生意社期现基差表,https://www.100ppi.com/sf/day-2026-07-06.html
2026-07-07,SA,纯碱,1158.57,2609,1070.0,88.0,7.6,现货价-主力期货价,OK,生意社期现基差表,https://www.100ppi.com/sf/day-2026-07-07.html
2026-07-08,SA,纯碱,1158.57,2609,1080.0,78.0,6.73,现货价-主力期货价,OK,生意社期现基差表,https://www.100ppi.com/sf/day-2026-07-08.html
2026-07-09,SA,纯碱,1158.57,2609,1078.0,80.0,6.91,现货价-主力期货价,OK,生意社期现基差表,https://www.100ppi.com/sf/day-2026-07-09.html
2026-07-10,SA,纯碱,1160.0,2609,1084.0,76.0,6.55,现货价-主力期货价,OK,生意社期现基差表,https://www.100ppi.com/sf/day-2026-07-10.html
2026-07-13,SA,纯碱,1160.0,2609,1063.0,97.0,8.36,现货价-主力期货价,OK,生意社期现基差表,https://www.100ppi.com/sf/day-2026-07-13.html
2026-07-14,SA,纯碱,1155.71,2609,1064.0,91.0,7.87,现货价-主力期货价,OK,生意社期现基差表,https://www.100ppi.com/sf/day-2026-07-14.html
2026-07-15,SA,纯碱,1152.86,2609,1051.0,101.0,8.76,现货价-主力期货价,OK,生意社期现基差表,https://www.100ppi.com/sf/day-2026-07-15.html
2026-07-16,SA,纯碱,1152.86,2609,1034.0,118.0,10.24,现货价-主力期货价,OK,生意社期现基差表,https://www.100ppi.com/sf/day-2026-07-16.html
2026-07-17,SA,纯碱,1152.86,2609,1007.0,145.0,12.58,现货价-主力期货价,OK,生意社期现基差表,https://www.100ppi.com/sf/day-2026-07-17.html
2026-07-20,SA,纯碱,1152.86,2609,1006.0,146.0,12.66,现货价-主力期货价,OK,生意社期现基差表,https://www.100ppi.com/sf/day-2026-07-20.html
2026-07-21,SA,纯碱,1152.86,2609,1009.0,143.0,12.4,现货价-主力期货价,OK,生意社期现基差表,https://www.100ppi.com/sf/day-2026-07-21.html
2026-07-22,SA,纯碱,1152.86,2609,1013.0,139.0,12.06,现货价-主力期货价,OK,生意社期现基差表,https://www.100ppi.com/sf/day-2026-07-22.html
2026-07-23,SA,纯碱,1152.86,2609,1007.0,145.0,12.58,现货价-主力期货价,OK,生意社期现基差表,https://www.100ppi.com/sf/day-2026-07-23.html
2026-07-24,SA,纯碱,1152.86,2609,1004.0,148.0,12.84,现货价-主力期货价,OK,生意社期现基差表,https://www.100ppi.com/sf/day-2026-07-24.html
2026-06-25,SH,烧碱,670.0,2609,1951.0,142.0,6.78,现货价-主力期货价,OK,生意社期现基差表,https://www.100ppi.com/sf/day-2026-06-25.html
2026-06-26,SH,烧碱,670.0,2609,1928.0,165.0,7.88,现货价-主力期货价,OK,生意社期现基差表,https://www.100ppi.com/sf/day-2026-06-26.html
2026-06-29,SH,烧碱,669.0,2609,1926.0,164.0,7.84,现货价-主力期货价,OK,生意社期现基差表,https://www.100ppi.com/sf/day-2026-06-29.html
2026-06-30,SH,烧碱,669.0,2609,1891.0,199.0,9.52,现货价-主力期货价,OK,生意社期现基差表,https://www.100ppi.com/sf/day-2026-06-30.html
2026-07-01,SH,烧碱,667.0,2609,1871.0,213.0,10.22,现货价-主力期货价,OK,生意社期现基差表,https://www.100ppi.com/sf/day-2026-07-01.html
2026-07-02,SH,烧碱,663.0,2609,1885.0,186.0,8.98,现货价-主力期货价,OK,生意社期现基差表,https://www.100ppi.com/sf/day-2026-07-02.html
2026-07-03,SH,烧碱,658.0,2609,1886.0,170.0,8.27,现货价-主力期货价,OK,生意社期现基差表,https://www.100ppi.com/sf/day-2026-07-03.html
2026-07-06,SH,烧碱,652.0,2609,1911.0,126.0,6.18,现货价-主力期货价,OK,生意社期现基差表,https://www.100ppi.com/sf/day-2026-07-06.html
2026-07-07,SH,烧碱,646.0,2609,1882.0,136.0,6.74,现货价-主力期货价,OK,生意社期现基差表,https://www.100ppi.com/sf/day-2026-07-07.html
2026-07-08,SH,烧碱,643.0,2609,1933.0,76.0,3.78,现货价-主力期货价,OK,生意社期现基差表,https://www.100ppi.com/sf/day-2026-07-08.html
2026-07-09,SH,烧碱,643.0,2609,1941.0,68.0,3.38,现货价-主力期货价,OK,生意社期现基差表,https://www.100ppi.com/sf/day-2026-07-09.html
2026-07-10,SH,烧碱,643.0,2609,1939.0,70.0,3.48,现货价-主力期货价,OK,生意社期现基差表,https://www.100ppi.com/sf/day-2026-07-10.html
2026-07-13,SH,烧碱,643.0,2609,1914.0,95.0,4.73,现货价-主力期货价,OK,生意社期现基差表,https://www.100ppi.com/sf/day-2026-07-13.html
2026-07-14,SH,烧碱,643.0,2609,1949.0,60.0,2.99,现货价-主力期货价,OK,生意社期现基差表,https://www.100ppi.com/sf/day-2026-07-14.html
2026-07-15,SH,烧碱,643.0,2609,1908.0,101.0,5.03,现货价-主力期货价,OK,生意社期现基差表,https://www.100ppi.com/sf/day-2026-07-15.html
2026-07-16,SH,烧碱,643.0,2609,1906.0,103.0,5.13,现货价-主力期货价,OK,生意社期现基差表,https://www.100ppi.com/sf/day-2026-07-16.html
2026-07-17,SH,烧碱,643.0,2609,1858.0,151.0,7.51,现货价-主力期货价,OK,生意社期现基差表,https://www.100ppi.com/sf/day-2026-07-17.html
2026-07-20,SH,烧碱,643.0,2609,1912.0,97.0,4.83,现货价-主力期货价,OK,生意社期现基差表,https://www.100ppi.com/sf/day-2026-07-20.html
2026-07-21,SH,烧碱,643.0,2609,1889.0,120.0,5.97,现货价-主力期货价,OK,生意社期现基差表,https://www.100ppi.com/sf/day-2026-07-21.html
2026-07-22,SH,烧碱,643.0,2609,1875.0,134.0,6.67,现货价-主力期货价,OK,生意社期现基差表,https://www.100ppi.com/sf/day-2026-07-22.html
2026-07-23,SH,烧碱,643.0,2609,1877.0,132.0,6.57,现货价-主力期货价,OK,生意社期现基差表,https://www.100ppi.com/sf/day-2026-07-23.html
2026-07-24,SH,烧碱,643.0,2609,1861.0,148.0,7.37,现货价-主力期货价,OK,生意社期现基差表,https://www.100ppi.com/sf/day-2026-07-24.html
2026-06-25,SN,锡,386675.0,2608,385570.0,1105.0,0.29,现货价-主力期货价,OK,生意社期现基差表,https://www.100ppi.com/sf/day-2026-06-25.html
2026-06-26,SN,锡,380375.0,2608,387220.0,-6845.0,-1.8,现货价-主力期货价,OK,生意社期现基差表,https://www.100ppi.com/sf/day-2026-06-26.html
2026-06-29,SN,锡,388812.5,2608,393060.0,-4247.0,-1.09,现货价-主力期货价,OK,生意社期现基差表,https://www.100ppi.com/sf/day-2026-06-29.html
2026-06-30,SN,锡,387975.0,2608,396270.0,-8295.0,-2.14,现货价-主力期货价,OK,生意社期现基差表,https://www.100ppi.com/sf/day-2026-06-30.html
2026-07-01,SN,锡,391375.0,2608,389610.0,1765.0,0.45,现货价-主力期货价,OK,生意社期现基差表,https://www.100ppi.com/sf/day-2026-07-01.html
2026-07-02,SN,锡,395225.0,2608,393260.0,1965.0,0.5,现货价-主力期货价,OK,生意社期现基差表,https://www.100ppi.com/sf/day-2026-07-02.html
2026-07-03,SN,锡,399912.5,2608,402180.0,-2267.0,-0.57,现货价-主力期货价,OK,生意社期现基差表,https://www.100ppi.com/sf/day-2026-07-03.html
2026-07-06,SN,锡,412000.0,2608,410360.0,1640.0,0.4,现货价-主力期货价,OK,生意社期现基差表,https://www.100ppi.com/sf/day-2026-07-06.html
2026-07-07,SN,锡,409387.5,2608,409250.0,137.0,0.03,现货价-主力期货价,OK,生意社期现基差表,https://www.100ppi.com/sf/day-2026-07-07.html
2026-07-08,SN,锡,408912.5,2608,411580.0,-2667.0,-0.65,现货价-主力期货价,OK,生意社期现基差表,https://www.100ppi.com/sf/day-2026-07-08.html
2026-07-09,SN,锡,409887.5,2608,416230.0,-6342.0,-1.55,现货价-主力期货价,OK,生意社期现基差表,https://www.100ppi.com/sf/day-2026-07-09.html
2026-07-10,SN,锡,417087.5,2608,415680.0,1407.0,0.34,现货价-主力期货价,OK,生意社期现基差表,https://www.100ppi.com/sf/day-2026-07-10.html
2026-07-13,SN,锡,412475.0,2608,409700.0,2775.0,0.67,现货价-主力期货价,OK,生意社期现基差表,https://www.100ppi.com/sf/day-2026-07-13.html
2026-07-14,SN,锡,410575.0,2608,417520.0,-6945.0,-1.69,现货价-主力期货价,OK,生意社期现基差表,https://www.100ppi.com/sf/day-2026-07-14.html
2026-07-15,SN,锡,417387.5,2608,411620.0,5767.0,1.38,现货价-主力期货价,OK,生意社期现基差表,https://www.100ppi.com/sf/day-2026-07-15.html
2026-07-16,SN,锡,409125.0,2608,412650.0,-3525.0,-0.86,现货价-主力期货价,OK,生意社期现基差表,https://www.100ppi.com/sf/day-2026-07-16.html
2026-07-17,SN,锡,407237.5,2608,403970.0,3267.0,0.8,现货价-主力期货价,OK,生意社期现基差表,https://www.100ppi.com/sf/day-2026-07-17.html
2026-07-20,SN,锡,415312.5,2609,411550.0,3762.0,0.91,现货价-主力期货价,OK,生意社期现基差表,https://www.100ppi.com/sf/day-2026-07-20.html
2026-07-21,SN,锡,411600.0,2609,418150.0,-6550.0,-1.59,现货价-主力期货价,OK,生意社期现基差表,https://www.100ppi.com/sf/day-2026-07-21.html
2026-07-22,SN,锡,418600.0,2609,416970.0,1630.0,0.39,现货价-主力期货价,OK,生意社期现基差表,https://www.100ppi.com/sf/day-2026-07-22.html
2026-07-23,SN,锡,417387.5,2609,418740.0,-1352.0,-0.32,现货价-主力期货价,OK,生意社期现基差表,https://www.100ppi.com/sf/day-2026-07-23.html
2026-07-24,SN,锡,411687.5,2609,413940.0,-2252.0,-0.55,现货价-主力期货价,OK,生意社期现基差表,https://www.100ppi.com/sf/day-2026-07-24.html
