source,source_url,source_update,exchange,variety,contract,symbol,margin_per_lot,margin_rate,note,is_new_contract
东方财富期货保证金表,https://qhweb.eastmoney.com/bzj/allexchange,更新于 08月24日 18:26:13,大商所,豆一,a2611,A,5534.1,11%,特殊品种，交易需要单独开通权限,False
东方财富期货保证金表,https://qhweb.eastmoney.com/bzj/allexchange,更新于 08月24日 18:26:13,上期所,铸造铝,ad2610,AD,34492.5,15%,,False
东方财富期货保证金表,https://qhweb.eastmoney.com/bzj/allexchange,更新于 08月24日 18:26:13,上期所,沪银,ag2610,AG,80846.4,32%,,False
东方财富期货保证金表,https://qhweb.eastmoney.com/bzj/allexchange,更新于 08月24日 18:26:13,上期所,沪铝,al2610,AL,20200.3,17%,,False
东方财富期货保证金表,https://qhweb.eastmoney.com/bzj/allexchange,更新于 08月24日 18:26:13,上期所,氧化铝,ao2610,AO,8608.0,16%,,False
东方财富期货保证金表,https://qhweb.eastmoney.com/bzj/allexchange,更新于 08月24日 18:26:13,郑商所,苹果,AP610,AP,11233.5,15%,,False
东方财富期货保证金表,https://qhweb.eastmoney.com/bzj/allexchange,更新于 08月24日 18:26:13,上期所,沪金,au2610,AU,221500.4,22%,,False
东方财富期货保证金表,https://qhweb.eastmoney.com/bzj/allexchange,更新于 08月24日 18:26:13,大商所,豆二,b2611,B,4400.0,11%,特殊品种，交易需要单独开通权限,False
东方财富期货保证金表,https://qhweb.eastmoney.com/bzj/allexchange,更新于 08月24日 18:26:13,大商所,胶合板,bb2611,BB,59500.0,80%,该品种极不活跃，请注意控制风险,False
东方财富期货保证金表,https://qhweb.eastmoney.com/bzj/allexchange,更新于 08月24日 18:26:13,上期能源,国际铜,bc2609,BC,82084.5,17%,特殊品种，交易需要单独开通权限,False
东方财富期货保证金表,https://qhweb.eastmoney.com/bzj/allexchange,更新于 08月24日 18:26:13,上期所,丁二烯胶,br2610,BR,13248.0,18%,,False
东方财富期货保证金表,https://qhweb.eastmoney.com/bzj/allexchange,更新于 08月24日 18:26:13,上期所,沥青,bu2610,BU,9996.8,22%,,False
东方财富期货保证金表,https://qhweb.eastmoney.com/bzj/allexchange,更新于 08月24日 18:26:13,大商所,纯苯,bz2610,BZ,41002.2,18%,,False
东方财富期货保证金表,https://qhweb.eastmoney.com/bzj/allexchange,更新于 08月24日 18:26:13,大商所,玉米,c2611,C,2508.0,11%,,False
东方财富期货保证金表,https://qhweb.eastmoney.com/bzj/allexchange,更新于 08月24日 18:26:13,郑商所,棉花,CF701,CF,10221.0,12%,,False
东方财富期货保证金表,https://qhweb.eastmoney.com/bzj/allexchange,更新于 08月24日 18:26:13,郑商所,红枣,CJ701,CJ,5771.5,14%,,False
东方财富期货保证金表,https://qhweb.eastmoney.com/bzj/allexchange,更新于 08月24日 18:26:13,大商所,淀粉,cs2611,CS,2831.4,11%,,False
东方财富期货保证金表,https://qhweb.eastmoney.com/bzj/allexchange,更新于 08月24日 18:26:13,上期所,沪铜,cu2609,CU,91893.5,17%,,False
东方财富期货保证金表,https://qhweb.eastmoney.com/bzj/allexchange,更新于 08月24日 18:26:13,郑商所,棉纱,CY611,CY,11535.0,10%,,False
东方财富期货保证金表,https://qhweb.eastmoney.com/bzj/allexchange,更新于 08月24日 18:26:13,大商所,苯乙烯,eb2610,EB,8760.0,20%,,False
东方财富期货保证金表,https://qhweb.eastmoney.com/bzj/allexchange,更新于 08月24日 18:26:13,上期能源,欧线集运,ec2610,EC,34693.8,35%,特殊品种，交易需要单独开通权限,False
东方财富期货保证金表,https://qhweb.eastmoney.com/bzj/allexchange,更新于 08月24日 18:26:13,大商所,乙二醇,eg2610,EG,10808.0,20%,,False
东方财富期货保证金表,https://qhweb.eastmoney.com/bzj/allexchange,更新于 08月24日 18:26:13,大商所,纤维板,fb2611,FB,10196.0,80%,该品种极不活跃，请注意控制风险,False
东方财富期货保证金表,https://qhweb.eastmoney.com/bzj/allexchange,更新于 08月24日 18:26:13,郑商所,玻璃,FG701,FG,3503.6,19%,,False
东方财富期货保证金表,https://qhweb.eastmoney.com/bzj/allexchange,更新于 08月24日 18:26:13,上期所,燃油,fu2611,FU,9955.4,26%,,False
东方财富期货保证金表,https://qhweb.eastmoney.com/bzj/allexchange,更新于 08月24日 18:26:13,上期所,热卷,hc2610,HC,4008.0,12%,,False
东方财富期货保证金表,https://qhweb.eastmoney.com/bzj/allexchange,更新于 08月24日 18:26:13,大商所,铁矿石,i2701,I,12888.0,18%,特殊品种，交易需要单独开通权限,False
东方财富期货保证金表,https://qhweb.eastmoney.com/bzj/allexchange,更新于 08月24日 18:26:13,中金所,中证500股指,IC2609,IC,228852.0,15%,特殊品种，交易需要单独开通权限,False
东方财富期货保证金表,https://qhweb.eastmoney.com/bzj/allexchange,更新于 08月24日 18:26:13,中金所,沪深,IF2609,IF,203688.0,15%,特殊品种，交易需要单独开通权限,False
东方财富期货保证金表,https://qhweb.eastmoney.com/bzj/allexchange,更新于 08月24日 18:26:13,中金所,上证,IH2609,IH,128295.0,15%,特殊品种，交易需要单独开通权限,False
东方财富期货保证金表,https://qhweb.eastmoney.com/bzj/allexchange,更新于 08月24日 18:26:13,中金所,中证1000股指,IM2609,IM,222774.0,15%,特殊品种，交易需要单独开通权限,False
东方财富期货保证金表,https://qhweb.eastmoney.com/bzj/allexchange,更新于 08月24日 18:26:13,大商所,焦炭,j2701,J,53812.5,25%,,False
东方财富期货保证金表,https://qhweb.eastmoney.com/bzj/allexchange,更新于 08月24日 18:26:13,大商所,鸡蛋,jd2610,JD,4923.1,13%,,False
东方财富期货保证金表,https://qhweb.eastmoney.com/bzj/allexchange,更新于 08月24日 18:26:13,大商所,焦煤,jm2701,JM,23760.0,25%,,False
东方财富期货保证金表,https://qhweb.eastmoney.com/bzj/allexchange,更新于 08月24日 18:26:13,郑商所,粳稻,JR701,JR,42592.0,80%,该品种极不活跃，请注意控制风险,False
东方财富期货保证金表,https://qhweb.eastmoney.com/bzj/allexchange,更新于 08月24日 18:26:13,大商所,塑料,l2701,L,6248.0,16%,,False
东方财富期货保证金表,https://qhweb.eastmoney.com/bzj/allexchange,更新于 08月24日 18:26:13,广期所,碳酸锂,lc2701,LC,39715.0,25%,特殊品种，交易需要单独开通权限,False
东方财富期货保证金表,https://qhweb.eastmoney.com/bzj/allexchange,更新于 08月24日 18:26:13,大商所,原木,lg2611,LG,8996.4,12%,,False
东方财富期货保证金表,https://qhweb.eastmoney.com/bzj/allexchange,更新于 08月24日 18:26:13,大商所,生猪,lh2611,LH,23097.6,12%,,False
东方财富期货保证金表,https://qhweb.eastmoney.com/bzj/allexchange,更新于 08月24日 18:26:13,上期能源,低硫燃油,lu2610,LU,13070.2,26%,特殊品种，交易需要单独开通权限,False
东方财富期货保证金表,https://qhweb.eastmoney.com/bzj/allexchange,更新于 08月24日 18:26:13,大商所,豆粕,m2701,M,4201.6,13%,特殊品种，交易需要单独开通权限,False
东方财富期货保证金表,https://qhweb.eastmoney.com/bzj/allexchange,更新于 08月24日 18:26:13,郑商所,甲醇,MA610,MA,4953.8,17%,,False
东方财富期货保证金表,https://qhweb.eastmoney.com/bzj/allexchange,更新于 08月24日 18:26:13,上期所,沪镍,ni2609,NI,23326.2,18%,特殊品种，交易需要单独开通权限,False
东方财富期货保证金表,https://qhweb.eastmoney.com/bzj/allexchange,更新于 08月24日 18:26:13,上期能源,20号胶,nr2610,NR,25048.0,16%,特殊品种，交易需要单独开通权限,False
东方财富期货保证金表,https://qhweb.eastmoney.com/bzj/allexchange,更新于 08月24日 18:26:13,郑商所,菜油,OI611,OI,13535.6,13%,特殊品种，交易需要单独开通权限,False
东方财富期货保证金表,https://qhweb.eastmoney.com/bzj/allexchange,更新于 08月24日 18:26:13,上期所,胶版纸,op2610,OP,18739.2,12%,,False
东方财富期货保证金表,https://qhweb.eastmoney.com/bzj/allexchange,更新于 08月24日 18:26:13,大商所,棕榈油,p2701,P,14203.0,14%,特殊品种，交易需要单独开通权限,False
东方财富期货保证金表,https://qhweb.eastmoney.com/bzj/allexchange,更新于 08月24日 18:26:13,上期所,沪铅,pb2610,PB,12123.8,15%,,False
东方财富期货保证金表,https://qhweb.eastmoney.com/bzj/allexchange,更新于 08月24日 18:26:13,广期所,钯,pd2610,PD,81150.0,25%,,False
东方财富期货保证金表,https://qhweb.eastmoney.com/bzj/allexchange,更新于 08月24日 18:26:13,郑商所,短纤,PF610,PF,6131.2,16%,特殊品种，交易需要单独开通权限,False
东方财富期货保证金表,https://qhweb.eastmoney.com/bzj/allexchange,更新于 08月24日 18:26:13,大商所,LPG,pg2610,PG,29390.0,25%,,False
东方财富期货保证金表,https://qhweb.eastmoney.com/bzj/allexchange,更新于 08月24日 18:26:13,郑商所,花生,PK611,PK,4846.8,12%,特殊品种，交易需要单独开通权限,False
东方财富期货保证金表,https://qhweb.eastmoney.com/bzj/allexchange,更新于 08月24日 18:26:13,郑商所,丙烯,PL611,PL,25904.0,16%,,False
东方财富期货保证金表,https://qhweb.eastmoney.com/bzj/allexchange,更新于 08月24日 18:26:13,郑商所,普麦,PM701,PM,124880.0,80%,该品种极不活跃，请注意控制风险,False
东方财富期货保证金表,https://qhweb.eastmoney.com/bzj/allexchange,更新于 08月24日 18:26:13,大商所,聚丙烯,pp2701,PP,6511.2,16%,,False
东方财富期货保证金表,https://qhweb.eastmoney.com/bzj/allexchange,更新于 08月24日 18:26:13,郑商所,瓶片,PR611,PR,17606.4,16%,特殊品种，交易需要单独开通权限,False
东方财富期货保证金表,https://qhweb.eastmoney.com/bzj/allexchange,更新于 08月24日 18:26:13,广期所,多晶硅,ps2611,PS,26009.6,23%,,False
东方财富期货保证金表,https://qhweb.eastmoney.com/bzj/allexchange,更新于 08月24日 18:26:13,广期所,铂,pt2610,PT,117537.5,25%,,False
东方财富期货保证金表,https://qhweb.eastmoney.com/bzj/allexchange,更新于 08月24日 18:26:13,郑商所,对二甲苯,PX611,PX,6529.6,16%,特殊品种，交易需要单独开通权限,False
东方财富期货保证金表,https://qhweb.eastmoney.com/bzj/allexchange,更新于 08月24日 18:26:13,上期所,螺纹钢,rb2610,RB,3679.2,12%,,False
东方财富期货保证金表,https://qhweb.eastmoney.com/bzj/allexchange,更新于 08月24日 18:26:13,郑商所,早籼稻,RI701,RI,39664.0,80%,该品种极不活跃，请注意控制风险,False
东方财富期货保证金表,https://qhweb.eastmoney.com/bzj/allexchange,更新于 08月24日 18:26:13,郑商所,菜粕,RM611,RM,3352.5,15%,特殊品种，交易需要单独开通权限,False
东方财富期货保证金表,https://qhweb.eastmoney.com/bzj/allexchange,更新于 08月24日 18:26:13,大商所,粳米,rr2611,RR,3562.0,10%,,False
东方财富期货保证金表,https://qhweb.eastmoney.com/bzj/allexchange,更新于 08月24日 18:26:13,郑商所,菜籽,RS609,RS,46168.0,80%,该品种极不活跃，请注意控制风险,False
东方财富期货保证金表,https://qhweb.eastmoney.com/bzj/allexchange,更新于 08月24日 18:26:13,上期所,橡胶,ru2701,RU,29776.0,16%,,False
东方财富期货保证金表,https://qhweb.eastmoney.com/bzj/allexchange,更新于 08月24日 18:26:13,郑商所,纯碱,SA701,SA,3583.6,17%,,False
东方财富期货保证金表,https://qhweb.eastmoney.com/bzj/allexchange,更新于 08月24日 18:26:13,上期能源,原油,sc2610,SC,152828.0,26%,特殊品种，交易需要单独开通权限,False
东方财富期货保证金表,https://qhweb.eastmoney.com/bzj/allexchange,更新于 08月24日 18:26:13,郑商所,硅铁,SF611,SF,4494.0,15%,,False
东方财富期货保证金表,https://qhweb.eastmoney.com/bzj/allexchange,更新于 08月24日 18:26:13,郑商所,烧碱,SH611,SH,8784.0,15%,,False
东方财富期货保证金表,https://qhweb.eastmoney.com/bzj/allexchange,更新于 08月24日 18:26:13,广期所,工业硅,si2611,SI,8293.5,19%,,False
东方财富期货保证金表,https://qhweb.eastmoney.com/bzj/allexchange,更新于 08月24日 18:26:13,郑商所,锰硅,SM611,SM,4769.6,16%,,False
东方财富期货保证金表,https://qhweb.eastmoney.com/bzj/allexchange,更新于 08月24日 18:26:13,上期所,沪锡,sn2609,SN,85422.0,20%,,False
东方财富期货保证金表,https://qhweb.eastmoney.com/bzj/allexchange,更新于 08月24日 18:26:13,上期所,纸浆,sp2611,SP,6325.8,13%,,False
东方财富期货保证金表,https://qhweb.eastmoney.com/bzj/allexchange,更新于 08月24日 18:26:13,郑商所,白糖,SR701,SR,5375.0,10%,,False
东方财富期货保证金表,https://qhweb.eastmoney.com/bzj/allexchange,更新于 08月24日 18:26:13,上期所,不锈钢,ss2610,SS,8529.0,12%,,False
东方财富期货保证金表,https://qhweb.eastmoney.com/bzj/allexchange,更新于 08月24日 18:26:13,中金所,十债,T2609,T,32866.5,3%,特殊品种，交易需要单独开通权限,False
东方财富期货保证金表,https://qhweb.eastmoney.com/bzj/allexchange,更新于 08月24日 18:26:13,郑商所,PTA,TA701,TA,4822.9,17%,特殊品种，交易需要单独开通权限,False
东方财富期货保证金表,https://qhweb.eastmoney.com/bzj/allexchange,更新于 08月24日 18:26:13,中金所,五债,TF2609,TF,21322.0,2%,特殊品种，交易需要单独开通权限,False
东方财富期货保证金表,https://qhweb.eastmoney.com/bzj/allexchange,更新于 08月24日 18:26:13,中金所,三十债,TL2609,TL,52276.5,4.5%,特殊品种，交易需要单独开通权限,False
东方财富期货保证金表,https://qhweb.eastmoney.com/bzj/allexchange,更新于 08月24日 18:26:13,中金所,二债,TS2609,TS,20527.6,1%,特殊品种，交易需要单独开通权限,False
东方财富期货保证金表,https://qhweb.eastmoney.com/bzj/allexchange,更新于 08月24日 18:26:13,郑商所,尿素,UR701,UR,6397.2,18%,,False
东方财富期货保证金表,https://qhweb.eastmoney.com/bzj/allexchange,更新于 08月24日 18:26:13,大商所,PVC,v2701,V,3715.2,16%,,False
东方财富期货保证金表,https://qhweb.eastmoney.com/bzj/allexchange,更新于 08月24日 18:26:13,郑商所,强麦,WH701,WH,51168.0,80%,该品种极不活跃，请注意控制风险,False
东方财富期货保证金表,https://qhweb.eastmoney.com/bzj/allexchange,更新于 08月24日 18:26:13,上期所,线材,wr2609,WR,26208.0,80%,该品种极不活跃，请注意控制风险,False
东方财富期货保证金表,https://qhweb.eastmoney.com/bzj/allexchange,更新于 08月24日 18:26:13,大商所,豆油,y2701,Y,12327.0,14%,特殊品种，交易需要单独开通权限,False
东方财富期货保证金表,https://qhweb.eastmoney.com/bzj/allexchange,更新于 08月24日 18:26:13,郑商所,动力煤,ZC611,ZC,64112.0,80%,该品种极不活跃，请注意控制风险,False
东方财富期货保证金表,https://qhweb.eastmoney.com/bzj/allexchange,更新于 08月24日 18:26:13,上期所,沪锌,zn2610,ZN,19428.8,15%,,False
