symbol,contract,broker,long_pos,long_chg,short_pos,short_chg,net_pos,flow_score,add_long,reduce_long,add_short,reduce_short
NR,nr2610,东证期货,4667,414,3989,120,678,294,414,0,120,0
NR,nr2610,高盛期货,4464,185,0,0,4464,185,185,0,0,0
NR,nr2610,国泰君安,4282,123,8613,369,-4331,-246,123,0,369,0
NR,nr2610,中信期货,4278,527,5574,-474,-1296,1001,527,0,0,474
NR,nr2610,摩根大通,3618,158,0,0,3618,158,158,0,0,0
NR,nr2610,永安期货,3320,1436,3778,1208,-458,228,1436,0,1208,0
NR,nr2610,广发期货,1633,110,2060,276,-427,-166,110,0,276,0
NR,nr2610,瑞银期货,1628,-232,0,0,1628,-232,0,232,0,0
NR,nr2610,中金财富,1429,60,0,0,1429,60,60,0,0,0
NR,nr2610,正信期货,1178,-5,0,0,1178,-5,0,5,0,0
NR,nr2610,银河期货,1163,-81,3713,189,-2550,-270,0,81,189,0
NR,nr2610,中粮期货,1153,351,909,96,244,255,351,0,96,0
NR,nr2610,华泰期货,1148,39,2130,138,-982,-99,39,0,138,0
NR,nr2610,国信期货,1132,77,0,0,1132,77,77,0,0,0
NR,nr2610,东吴期货,1090,-181,0,0,1090,-181,0,181,0,0
NR,nr2610,华闻期货,986,3,0,0,986,3,3,0,0,0
NR,nr2610,五矿期货,958,-79,0,0,958,-79,0,79,0,0
NR,nr2610,平安期货,810,78,0,0,810,78,78,0,0,0
NR,nr2610,新湖期货,780,-20,737,19,43,-39,0,20,19,0
NR,nr2610,中辉期货,768,30,0,0,768,30,30,0,0,0
NR,nr2610,南华期货,0,0,2658,183,-2658,-183,0,0,183,0
NR,nr2610,浙商期货,0,0,2399,131,-2399,-131,0,0,131,0
NR,nr2610,物产中大,0,0,1690,373,-1690,-373,0,0,373,0
NR,nr2610,大地期货,0,0,1612,21,-1612,-21,0,0,21,0
NR,nr2610,宝城期货,0,0,1363,127,-1363,-127,0,0,127,0
NR,nr2610,中泰期货,0,0,1354,9,-1354,-9,0,0,9,0
NR,nr2610,中银期货,0,0,1299,-107,-1299,107,0,0,0,107
NR,nr2610,西部期货,0,0,925,660,-925,-660,0,0,660,0
NR,nr2610,瑞达期货,0,0,809,13,-809,-13,0,0,13,0
NR,nr2610,海证期货,0,0,680,-200,-680,200,0,0,0,200
NR,nr2610,建信期货,0,0,631,29,-631,-29,0,0,29,0
PP,pp2701,国泰君安,64208,-2038,67737,3104,-3529,-5142,0,2038,3104,0
PP,pp2701,中信期货,57177,3293,47922,117,9255,3176,3293,0,117,0
PP,pp2701,东证期货,49607,11630,29120,-8,20487,11638,11630,0,0,8
PP,pp2701,高盛期货,34329,2851,0,0,34329,2851,2851,0,0,0
PP,pp2701,中金财富,25618,1718,0,0,25618,1718,1718,0,0,0
PP,pp2701,银河期货,22913,672,15983,1312,6930,-640,672,0,1312,0
PP,pp2701,永安期货,17406,-2431,32623,966,-15217,-3397,0,2431,966,0
PP,pp2701,华泰期货,11769,-880,28215,1682,-16446,-2562,0,880,1682,0
PP,pp2701,广发期货,10177,342,29443,6790,-19266,-6448,342,0,6790,0
PP,pp2701,瑞达期货,8919,3818,0,0,8919,3818,3818,0,0,0
PP,pp2701,浙商期货,8521,-239,17015,1412,-8494,-1651,0,239,1412,0
PP,pp2701,光大期货,8152,674,0,0,8152,674,674,0,0,0
PP,pp2701,中信建投,6764,579,0,0,6764,579,579,0,0,0
PP,pp2701,瑞银期货,6576,125,0,0,6576,125,125,0,0,0
PP,pp2701,平安期货,6434,1637,0,0,6434,1637,1637,0,0,0
PP,pp2701,摩根大通,5149,79,0,0,5149,79,79,0,0,0
PP,pp2701,国联期货,5065,1961,0,0,5065,1961,1961,0,0,0
PP,pp2701,东吴期货,4902,484,0,0,4902,484,484,0,0,0
PP,pp2701,国投安信,4793,-5,12624,-747,-7831,742,0,5,0,747
PP,pp2701,混沌天成,4610,357,0,0,4610,357,357,0,0,0
PP,pp2701,中粮期货,0,0,9337,552,-9337,-552,0,0,552,0
PP,pp2701,海通期货,0,0,8927,789,-8927,-789,0,0,789,0
PP,pp2701,南华期货,0,0,8333,299,-8333,-299,0,0,299,0
PP,pp2701,东亚期货,0,0,7399,2006,-7399,-2006,0,0,2006,0
PP,pp2701,新湖期货,0,0,6322,604,-6322,-604,0,0,604,0
PP,pp2701,创元期货,0,0,6124,338,-6124,-338,0,0,338,0
PP,pp2701,紫金天风,0,0,5530,116,-5530,-116,0,0,116,0
PP,pp2701,东海期货,0,0,5454,219,-5454,-219,0,0,219,0
PP,pp2701,海证期货,0,0,5428,2281,-5428,-2281,0,0,2281,0
PP,pp2701,方正中期,0,0,5381,-53,-5381,53,0,0,0,53
PP,pp2701,中泰期货,0,0,5256,-35,-5256,35,0,0,0,35
TA,ta2701,国泰君安,97877,495,104302,-4077,-6425,4572,495,0,0,4077
TA,ta2701,东证期货,87699,2739,62712,-2487,24987,5226,2739,0,0,2487
TA,ta2701,中信期货,72222,-4441,43949,5970,28273,-10411,0,4441,5970,0
TA,ta2701,高盛期货,45241,-2087,0,0,45241,-2087,0,2087,0,0
TA,ta2701,摩根大通,31262,-3099,0,0,31262,-3099,0,3099,0,0
TA,ta2701,华泰期货,30271,-274,27918,65,2353,-339,0,274,65,0
TA,ta2701,中粮期货,27606,1823,0,0,27606,1823,1823,0,0,0
TA,ta2701,瑞银期货,27304,89,0,0,27304,89,89,0,0,0
TA,ta2701,中金财富,23778,778,14667,2863,9111,-2085,778,0,2863,0
TA,ta2701,银河期货,23706,-15,74152,3805,-50446,-3820,0,15,3805,0
TA,ta2701,光大期货,22857,12143,0,0,22857,12143,12143,0,0,0
TA,ta2701,广发期货,17863,1098,12372,504,5491,594,1098,0,504,0
TA,ta2701,永安期货,13955,-717,40337,-171,-26382,-546,0,717,0,171
TA,ta2701,国贸期货,12986,26,29415,377,-16429,-351,26,0,377,0
TA,ta2701,申银万国,11529,127,0,0,11529,127,127,0,0,0
TA,ta2701,建信期货,10395,969,0,0,10395,969,969,0,0,0
TA,ta2701,海证期货,10216,506,10271,3967,-55,-3461,506,0,3967,0
TA,ta2701,国信期货,10205,736,0,0,10205,736,736,0,0,0
TA,ta2701,平安期货,10092,3728,0,0,10092,3728,3728,0,0,0
TA,ta2701,东吴期货,9270,-2584,23810,-142,-14540,-2442,0,2584,0,142
TA,ta2701,中银国际,0,0,33942,384,-33942,-384,0,0,384,0
TA,ta2701,瑞达期货,0,0,16944,1206,-16944,-1206,0,0,1206,0
TA,ta2701,恒力期货,0,0,15795,3465,-15795,-3465,0,0,3465,0
TA,ta2701,物产中大,0,0,13296,609,-13296,-609,0,0,609,0
TA,ta2701,浙商期货,0,0,10506,698,-10506,-698,0,0,698,0
TA,ta2701,中信建投,0,0,10342,3191,-10342,-3191,0,0,3191,0
TA,ta2701,渤海期货,0,0,10315,145,-10315,-145,0,0,145,0
TA,ta2701,南华期货,0,0,10281,861,-10281,-861,0,0,861,0
TA,ta2701,东海期货,0,0,10063,2831,-10063,-2831,0,0,2831,0
V,v2701,中财期货,142037,15013,0,0,142037,15013,15013,0,0,0
V,v2701,东证期货,44394,493,32656,6859,11738,-6366,493,0,6859,0
V,v2701,国泰君安,36148,6054,94769,7803,-58621,-1749,6054,0,7803,0
V,v2701,物产中大,34745,348,0,0,34745,348,348,0,0,0
V,v2701,华泰期货,32378,864,35572,-1911,-3194,2775,864,0,0,1911
V,v2701,五矿期货,32317,-4,0,0,32317,-4,0,4,0,0
V,v2701,信达期货,30233,351,0,0,30233,351,351,0,0,0
V,v2701,永安期货,24833,1758,23881,2368,952,-610,1758,0,2368,0
V,v2701,中信期货,20889,115,85862,6036,-64973,-5921,115,0,6036,0
V,v2701,银河期货,18704,2561,27625,-545,-8921,3106,2561,0,0,545
V,v2701,国投安信,17917,-581,43661,3646,-25744,-4227,0,581,3646,0
V,v2701,方正中期,16478,1427,9247,-703,7231,2130,1427,0,0,703
V,v2701,安粮期货,15519,982,0,0,15519,982,982,0,0,0
V,v2701,华鑫期货,15127,1391,0,0,15127,1391,1391,0,0,0
V,v2701,国信期货,15113,497,20840,707,-5727,-210,497,0,707,0
V,v2701,国联期货,12261,-372,0,0,12261,-372,0,372,0,0
V,v2701,徽商期货,12143,500,0,0,12143,500,500,0,0,0
V,v2701,南华期货,11519,1182,0,0,11519,1182,1182,0,0,0
V,v2701,浙商期货,10961,704,9387,840,1574,-136,704,0,840,0
V,v2701,华安期货,10274,914,0,0,10274,914,914,0,0,0
V,v2701,高盛期货,0,0,58859,8740,-58859,-8740,0,0,8740,0
V,v2701,中金财富,0,0,39770,5288,-39770,-5288,0,0,5288,0
V,v2701,瑞银期货,0,0,22531,-1727,-22531,1727,0,0,0,1727
V,v2701,瑞达期货,0,0,20281,4837,-20281,-4837,0,0,4837,0
V,v2701,中辉期货,0,0,17704,2923,-17704,-2923,0,0,2923,0
V,v2701,上海中期,0,0,15768,43,-15768,-43,0,0,43,0
V,v2701,中信建投,0,0,15242,1043,-15242,-1043,0,0,1043,0
V,v2701,广发期货,0,0,9916,1208,-9916,-1208,0,0,1208,0
V,v2701,海通期货,0,0,9794,1543,-9794,-1543,0,0,1543,0
V,v2701,光大期货,0,0,9267,1307,-9267,-1307,0,0,1307,0
SS,ss2610,国泰君安,9988,-126,8109,-929,1879,803,0,126,0,929
SS,ss2610,东证期货,9389,-236,10309,-568,-920,332,0,236,0,568
SS,ss2610,中信期货,9258,-873,14734,122,-5476,-995,0,873,122,0
SS,ss2610,华泰期货,6375,-842,7091,399,-716,-1241,0,842,399,0
SS,ss2610,银河期货,4887,-279,3894,-481,993,202,0,279,0,481
SS,ss2610,永安期货,3513,55,0,0,3513,55,55,0,0,0
SS,ss2610,广发期货,3488,-719,3372,-334,116,-385,0,719,0,334
SS,ss2610,国联期货,3485,-1141,1679,149,1806,-1290,0,1141,149,0
SS,ss2610,高盛期货,3414,358,3683,-1273,-269,1631,358,0,0,1273
SS,ss2610,浙商期货,3253,-1186,2093,-153,1160,-1033,0,1186,0,153
SS,ss2610,平安期货,3168,257,0,0,3168,257,257,0,0,0
SS,ss2610,方正中期,2439,-325,0,0,2439,-325,0,325,0,0
SS,ss2610,物产中大,2387,-144,0,0,2387,-144,0,144,0,0
SS,ss2610,建信期货,2374,-198,2821,689,-447,-887,0,198,689,0
SS,ss2610,东吴期货,2114,93,0,0,2114,93,93,0,0,0
SS,ss2610,东方财富,1976,-164,0,0,1976,-164,0,164,0,0
SS,ss2610,中信建投,1795,107,0,0,1795,107,107,0,0,0
SS,ss2610,南华期货,1697,63,0,0,1697,63,63,0,0,0
SS,ss2610,国投安信,1675,-1585,2245,231,-570,-1816,0,1585,231,0
SS,ss2610,摩根大通,1596,457,0,0,1596,457,457,0,0,0
SS,ss2610,中粮期货,0,0,4535,-817,-4535,817,0,0,0,817
SS,ss2610,申银万国,0,0,3034,-32,-3034,32,0,0,0,32
SS,ss2610,宏源期货,0,0,2202,-44,-2202,44,0,0,0,44
SS,ss2610,中金财富,0,0,2184,-416,-2184,416,0,0,0,416
SS,ss2610,招商期货,0,0,2044,49,-2044,-49,0,0,49,0
SS,ss2610,海证期货,0,0,1701,-2,-1701,2,0,0,0,2
SS,ss2610,华闻期货,0,0,1580,-55,-1580,55,0,0,0,55
SS,ss2610,国信期货,0,0,1541,-35,-1541,35,0,0,0,35
SS,ss2610,瑞达期货,0,0,1389,-523,-1389,523,0,0,0,523
PL,pl2611,中信期货,4441,72,4248,-18,193,90,72,0,0,18
PL,pl2611,国投安信,2099,-12,1761,2,338,-14,0,12,2,0
PL,pl2611,广发期货,1999,28,1935,2,64,26,28,0,2,0
PL,pl2611,申银万国,1785,-4,2335,46,-550,-50,0,4,46,0
PL,pl2611,五矿期货,1528,7,1520,3,8,4,7,0,3,0
PL,pl2611,中信建投,1527,-85,1131,17,396,-102,0,85,17,0
PL,pl2611,浙商期货,1450,27,1044,-1,406,28,27,0,0,1
PL,pl2611,华泰期货,1342,216,1374,221,-32,-5,216,0,221,0
PL,pl2611,国泰君安,1109,184,1772,-54,-663,238,184,0,0,54
PL,pl2611,弘业期货,1013,-5,1056,-2,-43,-3,0,5,0,2
PL,pl2611,南华期货,928,-1,1139,106,-211,-107,0,1,106,0
PL,pl2611,东吴期货,874,-42,880,7,-6,-49,0,42,7,0
PL,pl2611,东证期货,762,154,255,-69,507,223,154,0,0,69
PL,pl2611,长江期货,550,5,542,-13,8,18,5,0,0,13
PL,pl2611,国联期货,418,125,0,0,418,125,125,0,0,0
PL,pl2611,银河期货,267,-26,573,19,-306,-45,0,26,19,0
PL,pl2611,国信期货,255,2,0,0,255,2,2,0,0,0
PL,pl2611,中金财富,234,69,0,0,234,69,69,0,0,0
PL,pl2611,光大期货,176,21,0,0,176,21,21,0,0,0
PL,pl2611,中辉期货,168,-7,0,0,168,-7,0,7,0,0
PL,pl2611,建信期货,0,0,380,201,-380,-201,0,0,201,0
PL,pl2611,新湖期货,0,0,349,2,-349,-2,0,0,2,0
PL,pl2611,创元期货,0,0,317,-4,-317,4,0,0,0,4
PL,pl2611,港信期货,0,0,250,-1,-250,1,0,0,0,1
PL,pl2611,民生期货,0,0,221,49,-221,-49,0,0,49,0
LU,lu2610,中信期货,8012,-497,7375,-783,637,286,0,497,0,783
LU,lu2610,国泰君安,7633,-461,11221,902,-3588,-1363,0,461,902,0
LU,lu2610,东证期货,5160,-2908,7862,-1522,-2702,-1386,0,2908,0,1522
LU,lu2610,平安期货,3159,-460,982,-5,2177,-455,0,460,0,5
LU,lu2610,中金财富,2282,-8,0,0,2282,-8,0,8,0,0
LU,lu2610,华泰期货,2214,-344,1813,-331,401,-13,0,344,0,331
LU,lu2610,摩根大通,2208,-444,0,0,2208,-444,0,444,0,0
LU,lu2610,银河期货,2091,-75,3754,-360,-1663,285,0,75,0,360
LU,lu2610,中信建投,2043,-30,1205,194,838,-224,0,30,194,0
LU,lu2610,永安期货,2014,351,6926,1148,-4912,-797,351,0,1148,0
LU,lu2610,国投安信,2004,-86,1542,1,462,-87,0,86,1,0
LU,lu2610,高盛期货,1743,422,0,0,1743,422,422,0,0,0
LU,lu2610,广发期货,1567,-84,0,0,1567,-84,0,84,0,0
LU,lu2610,招商期货,1539,-249,0,0,1539,-249,0,249,0,0
LU,lu2610,中辉期货,1493,-89,0,0,1493,-89,0,89,0,0
LU,lu2610,海通期货,1468,214,0,0,1468,214,214,0,0,0
LU,lu2610,东航期货,1402,-303,0,0,1402,-303,0,303,0,0
LU,lu2610,创元期货,1365,209,0,0,1365,209,209,0,0,0
LU,lu2610,国联期货,1359,18,2034,49,-675,-31,18,0,49,0
LU,lu2610,海证期货,1287,-307,0,0,1287,-307,0,307,0,0
LU,lu2610,中银期货,0,0,6886,-5,-6886,5,0,0,0,5
LU,lu2610,西部期货,0,0,2501,-168,-2501,168,0,0,0,168
LU,lu2610,南华期货,0,0,2501,198,-2501,-198,0,0,198,0
LU,lu2610,盛达期货,0,0,2003,-53,-2003,53,0,0,0,53
LU,lu2610,浙商期货,0,0,1649,74,-1649,-74,0,0,74,0
LU,lu2610,瑞达期货,0,0,1255,-169,-1255,169,0,0,0,169
LU,lu2610,东方财富,0,0,1154,-105,-1154,105,0,0,0,105
LU,lu2610,大地期货,0,0,1119,-62,-1119,62,0,0,0,62
LU,lu2610,方正中期,0,0,1118,-124,-1118,124,0,0,0,124
LU,lu2610,宏源期货,0,0,1066,65,-1066,-65,0,0,65,0
EG,eg2609,国泰君安,29983,-5662,17378,-1845,12605,-3817,0,5662,0,1845
EG,eg2609,中信期货,13643,-7057,18893,-603,-5250,-6454,0,7057,0,603
EG,eg2609,永安期货,13522,-6684,7118,-1399,6404,-5285,0,6684,0,1399
EG,eg2609,东证期货,13408,-5201,11459,1325,1949,-6526,0,5201,1325,0
EG,eg2609,光大期货,6515,-1393,4545,-186,1970,-1207,0,1393,0,186
EG,eg2609,华泰期货,5540,-2646,14525,-13861,-8985,11215,0,2646,0,13861
EG,eg2609,创元期货,4864,-2754,3286,-596,1578,-2158,0,2754,0,596
EG,eg2609,中金财富,4737,-1239,0,0,4737,-1239,0,1239,0,0
EG,eg2609,国信期货,4237,1367,0,0,4237,1367,1367,0,0,0
EG,eg2609,广发期货,3892,-322,3509,-517,383,195,0,322,0,517
EG,eg2609,紫金天风,3857,1853,0,0,3857,1853,1853,0,0,0
EG,eg2609,国投安信,3747,47,0,0,3747,47,47,0,0,0
EG,eg2609,浙商期货,3740,-994,5086,-1242,-1346,248,0,994,0,1242
EG,eg2609,五矿期货,3686,317,3875,-1709,-189,2026,317,0,0,1709
EG,eg2609,东吴期货,3627,-158,4802,-163,-1175,5,0,158,0,163
EG,eg2609,新湖期货,3476,715,0,0,3476,715,715,0,0,0
EG,eg2609,银河期货,3215,-1550,6539,-2084,-3324,534,0,1550,0,2084
EG,eg2609,兴证期货,3121,162,0,0,3121,162,162,0,0,0
EG,eg2609,瑞达期货,2964,736,0,0,2964,736,736,0,0,0
EG,eg2609,海证期货,2880,-45,0,0,2880,-45,0,45,0,0
EG,eg2609,中信建投,0,0,6075,-5464,-6075,5464,0,0,0,5464
EG,eg2609,国贸期货,0,0,5948,-369,-5948,369,0,0,0,369
EG,eg2609,东海期货,0,0,5139,-408,-5139,408,0,0,0,408
EG,eg2609,招商期货,0,0,4673,-215,-4673,215,0,0,0,215
EG,eg2609,南华期货,0,0,4235,-183,-4235,183,0,0,0,183
EG,eg2609,国海良时,0,0,3106,-368,-3106,368,0,0,0,368
EG,eg2609,东方财富,0,0,3026,-657,-3026,657,0,0,0,657
EG,eg2609,海通期货,0,0,2768,-148,-2768,148,0,0,0,148
OP,op2610,中信建投,2980,60,2908,37,72,23,60,0,37,0
OP,op2610,中信期货,2661,75,2534,11,127,64,75,0,11,0
OP,op2610,国泰君安,2454,128,2168,124,286,4,128,0,124,0
OP,op2610,浙商期货,2313,37,2733,18,-420,19,37,0,18,0
OP,op2610,上海中期,2208,0,2193,-4,15,4,0,0,0,4
OP,op2610,国投安信,1982,24,1901,-3,81,27,24,0,0,3
OP,op2610,华西期货,1516,5,1508,5,8,0,5,0,5,0
OP,op2610,中泰期货,1219,-5,1209,2,10,-7,0,5,2,0
OP,op2610,招商期货,741,-186,744,-182,-3,-4,0,186,0,182
OP,op2610,中融汇信,100,7,0,0,100,7,7,0,0,0
OP,op2610,东证期货,100,28,329,14,-229,14,28,0,14,0
OP,op2610,银河期货,82,7,80,0,2,7,7,0,0,0
OP,op2610,徽商期货,68,19,0,0,68,19,19,0,0,0
OP,op2610,物产中大,53,10,0,0,53,10,10,0,0,0
OP,op2610,宏源期货,50,2,0,0,50,2,2,0,0,0
OP,op2610,国联期货,48,-3,0,0,48,-3,0,3,0,0
OP,op2610,永安期货,42,0,203,42,-161,-42,0,0,42,0
OP,op2610,平安期货,36,14,0,0,36,14,14,0,0,0
OP,op2610,国元期货,34,9,0,0,34,9,9,0,0,0
OP,op2610,方正中期,30,-10,0,0,30,-10,0,10,0,0
OP,op2610,华泰期货,0,0,276,4,-276,-4,0,0,4,0
OP,op2610,宝城期货,0,0,88,28,-88,-28,0,0,28,0
OP,op2610,兴业期货,0,0,59,-10,-59,10,0,0,0,10
OP,op2610,海通期货,0,0,34,6,-34,-6,0,0,6,0
OP,op2610,混沌天成,0,0,30,1,-30,-1,0,0,1,0
OP,op2610,华闻期货,0,0,22,7,-22,-7,0,0,7,0
OP,op2610,大有期货,0,0,21,0,-21,0,0,0,0,0
OP,op2610,东航期货,0,0,18,14,-18,-14,0,0,14,0
BR,br2610,国泰君安,15516,729,13486,949,2030,-220,729,0,949,0
BR,br2610,中信期货,11382,1094,10118,1583,1264,-489,1094,0,1583,0
BR,br2610,东吴期货,9783,55,9996,107,-213,-52,55,0,107,0
BR,br2610,东证期货,7403,288,6838,1014,565,-726,288,0,1014,0
BR,br2610,中信建投,6282,-346,5628,-106,654,-240,0,346,0,106
BR,br2610,浙商期货,5383,538,5121,235,262,303,538,0,235,0
BR,br2610,永安期货,4835,791,3065,-526,1770,1317,791,0,0,526
BR,br2610,华泰期货,4590,317,3614,310,976,7,317,0,310,0
BR,br2610,南华期货,3267,6,3209,-88,58,94,6,0,0,88
BR,br2610,银河期货,3034,264,5225,81,-2191,183,264,0,81,0
BR,br2610,海通期货,2416,654,0,0,2416,654,654,0,0,0
BR,br2610,国元期货,1968,-95,1792,-279,176,184,0,95,0,279
BR,br2610,中泰期货,1880,-76,2445,134,-565,-210,0,76,134,0
BR,br2610,瑞达期货,1776,-831,0,0,1776,-831,0,831,0,0
BR,br2610,广发期货,1588,359,1606,-577,-18,936,359,0,0,577
BR,br2610,中金财富,1550,-484,0,0,1550,-484,0,484,0,0
BR,br2610,长江期货,1251,2,0,0,1251,2,2,0,0,0
BR,br2610,海证期货,1136,-62,0,0,1136,-62,0,62,0,0
BR,br2610,创元期货,1109,212,1292,-101,-183,313,212,0,0,101
BR,br2610,国投安信,1093,40,4778,606,-3685,-566,40,0,606,0
BR,br2610,国海良时,0,0,2892,461,-2892,-461,0,0,461,0
BR,br2610,大地期货,0,0,2546,720,-2546,-720,0,0,720,0
BR,br2610,国贸期货,0,0,1410,-141,-1410,141,0,0,0,141
BR,br2610,方正中期,0,0,1408,78,-1408,-78,0,0,78,0
BR,br2610,申银万国,0,0,1392,-271,-1392,271,0,0,0,271
BC,bc2609,中信期货,2784,-58,2980,-72,-196,14,0,58,0,72
BC,bc2609,国泰君安,2283,-193,1741,-272,542,79,0,193,0,272
BC,bc2609,海通期货,770,-7,904,-10,-134,3,0,7,0,10
BC,bc2609,五矿期货,639,-1,1345,0,-706,-1,0,1,0,0
BC,bc2609,东吴期货,612,3,606,-2,6,5,3,0,0,2
BC,bc2609,国投安信,585,-9,555,4,30,-13,0,9,4,0
BC,bc2609,摩根大通,579,-141,68,-17,511,-124,0,141,0,17
BC,bc2609,永安期货,483,-34,416,-23,67,-11,0,34,0,23
BC,bc2609,长江期货,462,2,451,4,11,-2,2,0,4,0
BC,bc2609,东证期货,244,-200,373,-3,-129,-197,0,200,0,3
BC,bc2609,华泰期货,224,-98,44,2,180,-100,0,98,2,0
BC,bc2609,高盛期货,222,3,0,0,222,3,3,0,0,0
BC,bc2609,建信期货,168,-35,0,0,168,-35,0,35,0,0
BC,bc2609,招商期货,159,-277,152,-276,7,-1,0,277,0,276
BC,bc2609,齐盛期货,120,-1,0,0,120,-1,0,1,0,0
BC,bc2609,银河期货,109,-72,36,19,73,-91,0,72,19,0
BC,bc2609,瑞银期货,94,-22,0,0,94,-22,0,22,0,0
BC,bc2609,兴证期货,81,-8,0,0,81,-8,0,8,0,0
BC,bc2609,华闻期货,73,-5,0,0,73,-5,0,5,0,0
BC,bc2609,中金财富,63,-9,0,0,63,-9,0,9,0,0
BC,bc2609,南华期货,0,0,398,25,-398,-25,0,0,25,0
BC,bc2609,金瑞期货,0,0,370,-30,-370,30,0,0,0,30
BC,bc2609,广发期货,0,0,354,-43,-354,43,0,0,0,43
BC,bc2609,中辉期货,0,0,164,1,-164,-1,0,0,1,0
BC,bc2609,国信期货,0,0,107,38,-107,-38,0,0,38,0
BC,bc2609,铜冠金源,0,0,100,-600,-100,600,0,0,0,600
BC,bc2609,中财期货,0,0,37,32,-37,-32,0,0,32,0
L,l2701,中信期货,48698,4275,27536,729,21162,3546,4275,0,729,0
L,l2701,东证期货,31951,1974,28765,-1869,3186,3843,1974,0,0,1869
L,l2701,国泰君安,26381,2247,57069,4056,-30688,-1809,2247,0,4056,0
L,l2701,银河期货,22676,-174,0,0,22676,-174,0,174,0,0
L,l2701,中金财富,20769,2675,0,0,20769,2675,2675,0,0,0
L,l2701,高盛期货,17930,-2599,7051,1233,10879,-3832,0,2599,1233,0
L,l2701,瑞银期货,15714,140,0,0,15714,140,140,0,0,0
L,l2701,华泰期货,12601,582,8906,431,3695,151,582,0,431,0
L,l2701,海通期货,10304,12,0,0,10304,12,12,0,0,0
L,l2701,永安期货,9907,-247,19442,2161,-9535,-2408,0,247,2161,0
L,l2701,广发期货,7372,587,0,0,7372,587,587,0,0,0
L,l2701,海证期货,6729,2263,7026,-89,-297,2352,2263,0,0,89
L,l2701,方正中期,6111,-223,5767,687,344,-910,0,223,687,0
L,l2701,浙商期货,5997,898,5545,1089,452,-191,898,0,1089,0
L,l2701,平安期货,5799,603,0,0,5799,603,603,0,0,0
L,l2701,光大期货,5715,550,0,0,5715,550,550,0,0,0
L,l2701,中信建投,5422,890,0,0,5422,890,890,0,0,0
L,l2701,国联期货,5266,775,0,0,5266,775,775,0,0,0
L,l2701,国信期货,4735,791,0,0,4735,791,791,0,0,0
L,l2701,国投安信,4414,216,6131,92,-1717,124,216,0,92,0
L,l2701,国海良时,0,0,12067,692,-12067,-692,0,0,692,0
L,l2701,东吴期货,0,0,8722,256,-8722,-256,0,0,256,0
L,l2701,中辉期货,0,0,8426,2163,-8426,-2163,0,0,2163,0
L,l2701,中粮期货,0,0,8389,300,-8389,-300,0,0,300,0
L,l2701,南华期货,0,0,7820,183,-7820,-183,0,0,183,0
L,l2701,弘业期货,0,0,6084,792,-6084,-792,0,0,792,0
L,l2701,冠通期货,0,0,6001,29,-6001,-29,0,0,29,0
L,l2701,紫金天风,0,0,5851,317,-5851,-317,0,0,317,0
L,l2701,申银万国,0,0,5495,1150,-5495,-1150,0,0,1150,0
L,l2701,中泰期货,0,0,5401,153,-5401,-153,0,0,153,0
PS,ps2611,中信期货,8687,937,14743,1070,-6056,-133,937,0,1070,0
PS,ps2611,国泰君安,8401,356,15964,768,-7563,-412,356,0,768,0
PS,ps2611,中信建投,6812,962,3554,730,3258,232,962,0,730,0
PS,ps2611,银河期货,5528,405,5995,847,-467,-442,405,0,847,0
PS,ps2611,五矿期货,4709,233,2216,409,2493,-176,233,0,409,0
PS,ps2611,方正中期,3709,235,5015,167,-1306,68,235,0,167,0
PS,ps2611,广发期货,3547,-275,6369,186,-2822,-461,0,275,186,0
PS,ps2611,浙商期货,3242,469,2764,205,478,264,469,0,205,0
PS,ps2611,招商期货,3018,121,1544,-27,1474,148,121,0,0,27
PS,ps2611,华泰期货,2678,-150,0,0,2678,-150,0,150,0,0
PS,ps2611,永安期货,2594,350,2947,86,-353,264,350,0,86,0
PS,ps2611,东证期货,2319,-226,3338,1093,-1019,-1319,0,226,1093,0
PS,ps2611,瑞达期货,2259,352,1479,-86,780,438,352,0,0,86
PS,ps2611,国信期货,2105,33,0,0,2105,33,33,0,0,0
PS,ps2611,中泰期货,1837,230,0,0,1837,230,230,0,0,0
PS,ps2611,高盛期货,1731,199,0,0,1731,199,199,0,0,0
PS,ps2611,中财期货,1709,447,1439,51,270,396,447,0,51,0
PS,ps2611,紫金天风,1633,42,0,0,1633,42,42,0,0,0
PS,ps2611,华闻期货,1469,39,0,0,1469,39,39,0,0,0
PS,ps2611,宏源期货,1454,92,1311,176,143,-84,92,0,176,0
PS,ps2611,申银万国,0,0,3609,278,-3609,-278,0,0,278,0
PS,ps2611,信达期货,0,0,3200,10,-3200,-10,0,0,10,0
PS,ps2611,大地期货,0,0,1858,109,-1858,-109,0,0,109,0
PS,ps2611,新世纪,0,0,1493,16,-1493,-16,0,0,16,0
PS,ps2611,物产中大,0,0,1442,-35,-1442,35,0,0,0,35
PS,ps2611,中电投先融,0,0,1390,5,-1390,-5,0,0,5,0
RU,ru2701,国泰君安,11144,315,16377,506,-5233,-191,315,0,506,0
RU,ru2701,中信期货,11085,1797,7481,-1437,3604,3234,1797,0,0,1437
RU,ru2701,东证期货,7273,320,4900,637,2373,-317,320,0,637,0
RU,ru2701,永安期货,6175,601,3386,174,2789,427,601,0,174,0
RU,ru2701,银河期货,4599,420,4501,831,98,-411,420,0,831,0
RU,ru2701,广发期货,4399,47,3390,189,1009,-142,47,0,189,0
RU,ru2701,中信建投,3145,688,0,0,3145,688,688,0,0,0
RU,ru2701,华泰期货,2969,-190,3631,-175,-662,-15,0,190,0,175
RU,ru2701,一德期货,2722,821,0,0,2722,821,821,0,0,0
RU,ru2701,国投安信,2707,259,8552,-830,-5845,1089,259,0,0,830
RU,ru2701,新湖期货,2627,80,3356,376,-729,-296,80,0,376,0
RU,ru2701,国联期货,2590,295,0,0,2590,295,295,0,0,0
RU,ru2701,东吴期货,2447,303,0,0,2447,303,303,0,0,0
RU,ru2701,浙商期货,2297,239,10272,3677,-7975,-3438,239,0,3677,0
RU,ru2701,瑞达期货,2093,-297,1678,-1043,415,746,0,297,0,1043
RU,ru2701,中辉期货,2066,24,0,0,2066,24,24,0,0,0
RU,ru2701,中财期货,2000,243,0,0,2000,243,243,0,0,0
RU,ru2701,创元期货,1999,109,3102,58,-1103,51,109,0,58,0
RU,ru2701,中泰期货,1897,-26,6333,389,-4436,-415,0,26,389,0
RU,ru2701,平安期货,1842,-2,0,0,1842,-2,0,2,0,0
RU,ru2701,中银期货,0,0,6020,44,-6020,-44,0,0,44,0
RU,ru2701,南华期货,0,0,4032,587,-4032,-587,0,0,587,0
RU,ru2701,物产中大,0,0,3853,-146,-3853,146,0,0,0,146
RU,ru2701,方正中期,0,0,2175,277,-2175,-277,0,0,277,0
RU,ru2701,北金期货,0,0,2143,0,-2143,0,0,0,0,0
RU,ru2701,大地期货,0,0,2124,23,-2124,-23,0,0,23,0
RU,ru2701,宝城期货,0,0,1905,28,-1905,-28,0,0,28,0
PX,px2611,中信期货,16817,-1529,13524,-95,3293,-1434,0,1529,0,95
PX,px2611,国泰君安,14668,1402,28761,1273,-14093,129,1402,0,1273,0
PX,px2611,东证期货,12261,-1983,11492,-723,769,-1260,0,1983,0,723
PX,px2611,永安期货,7166,-1882,4917,-2896,2249,1014,0,1882,0,2896
PX,px2611,华泰期货,6847,-778,3879,-483,2968,-295,0,778,0,483
PX,px2611,五矿期货,6168,515,6020,512,148,3,515,0,512,0
PX,px2611,国投安信,5492,91,6008,-179,-516,270,91,0,0,179
PX,px2611,中粮期货,4939,750,4920,766,19,-16,750,0,766,0
PX,px2611,国元期货,4710,-18,3813,36,897,-54,0,18,36,0
PX,px2611,中信建投,4554,-3966,5543,-3473,-989,-493,0,3966,0,3473
PX,px2611,高盛期货,4437,202,4731,-1496,-294,1698,202,0,0,1496
PX,px2611,浙商期货,4205,-60,6095,583,-1890,-643,0,60,583,0
PX,px2611,长江期货,3864,-51,3613,-161,251,110,0,51,0,161
PX,px2611,广发期货,3721,138,0,0,3721,138,138,0,0,0
PX,px2611,银河期货,2960,-120,2354,-271,606,151,0,120,0,271
PX,px2611,申银万国,2948,21,3640,-510,-692,531,21,0,0,510
PX,px2611,中金财富,2712,115,0,0,2712,115,115,0,0,0
PX,px2611,东吴期货,2104,-221,0,0,2104,-221,0,221,0,0
PX,px2611,国贸期货,1865,-1445,0,0,1865,-1445,0,1445,0,0
PX,px2611,摩根大通,1777,-275,0,0,1777,-275,0,275,0,0
PX,px2611,中泰期货,0,0,4688,20,-4688,-20,0,0,20,0
PX,px2611,一德期货,0,0,3429,2,-3429,-2,0,0,2,0
PX,px2611,瑞达期货,0,0,3111,-7,-3111,7,0,0,0,7
PX,px2611,中财期货,0,0,1930,-1183,-1930,1183,0,0,0,1183
PX,px2611,方正中期,0,0,1763,3,-1763,-3,0,0,3,0
UR,ur2701,国泰君安,20528,805,24020,-153,-3492,958,805,0,0,153
UR,ur2701,中信期货,14521,835,26750,-1434,-12229,2269,835,0,0,1434
UR,ur2701,东证期货,12095,3704,13062,-786,-967,4490,3704,0,0,786
UR,ur2701,永安期货,10933,362,7696,669,3237,-307,362,0,669,0
UR,ur2701,一德期货,10446,150,3481,223,6965,-73,150,0,223,0
UR,ur2701,浙商期货,8912,-313,0,0,8912,-313,0,313,0,0
UR,ur2701,中融汇信,7867,20,0,0,7867,20,20,0,0,0
UR,ur2701,银河期货,5787,-89,14735,2264,-8948,-2353,0,89,2264,0
UR,ur2701,创元期货,5756,206,0,0,5756,206,206,0,0,0
UR,ur2701,中泰期货,5533,-1799,8473,1145,-2940,-2944,0,1799,1145,0
UR,ur2701,徽商期货,5228,-283,0,0,5228,-283,0,283,0,0
UR,ur2701,中原期货,4604,-229,0,0,4604,-229,0,229,0,0
UR,ur2701,长江期货,4482,176,3935,-395,547,571,176,0,0,395
UR,ur2701,宏源期货,4232,311,0,0,4232,311,311,0,0,0
UR,ur2701,西南期货,3979,-61,0,0,3979,-61,0,61,0,0
UR,ur2701,华泰期货,3403,324,13716,2466,-10313,-2142,324,0,2466,0
UR,ur2701,中信建投,3398,512,3367,571,31,-59,512,0,571,0
UR,ur2701,招商期货,3384,64,3557,-329,-173,393,64,0,0,329
UR,ur2701,国投安信,2984,-800,5210,1494,-2226,-2294,0,800,1494,0
UR,ur2701,新湖期货,2943,478,0,0,2943,478,478,0,0,0
UR,ur2701,瑞达期货,0,0,7328,1148,-7328,-1148,0,0,1148,0
UR,ur2701,国元期货,0,0,5968,2493,-5968,-2493,0,0,2493,0
UR,ur2701,中金财富,0,0,5298,405,-5298,-405,0,0,405,0
UR,ur2701,国海良时,0,0,4765,154,-4765,-154,0,0,154,0
UR,ur2701,齐盛期货,0,0,4703,613,-4703,-613,0,0,613,0
UR,ur2701,广发期货,0,0,4572,-148,-4572,148,0,0,0,148
UR,ur2701,海证期货,0,0,3911,1950,-3911,-1950,0,0,1950,0
UR,ur2701,国信期货,0,0,2826,31,-2826,-31,0,0,31,0
SI,si2611,中信期货,34280,367,26112,576,8168,-209,367,0,576,0
SI,si2611,国泰君安,25553,491,37847,1520,-12294,-1029,491,0,1520,0
SI,si2611,银河期货,22088,324,25738,-1101,-3650,1425,324,0,0,1101
SI,si2611,广发期货,20335,570,22284,1313,-1949,-743,570,0,1313,0
SI,si2611,中信建投,20275,1587,20232,-761,43,2348,1587,0,0,761
SI,si2611,海通期货,16283,-159,16625,-101,-342,-58,0,159,0,101
SI,si2611,永安期货,15750,937,14528,804,1222,133,937,0,804,0
SI,si2611,东证期货,13604,1105,11152,-969,2452,2074,1105,0,0,969
SI,si2611,招商期货,7043,-303,4894,251,2149,-554,0,303,251,0
SI,si2611,创元期货,4904,1619,10546,1195,-5642,424,1619,0,1195,0
SI,si2611,方正中期,4639,79,6334,595,-1695,-516,79,0,595,0
SI,si2611,华泰期货,4417,-295,8452,787,-4035,-1082,0,295,787,0
SI,si2611,高盛期货,4343,-33,0,0,4343,-33,0,33,0,0
SI,si2611,中泰期货,4168,248,0,0,4168,248,248,0,0,0
SI,si2611,中金财富,4086,-992,3204,748,882,-1740,0,992,748,0
SI,si2611,国贸期货,3306,384,0,0,3306,384,384,0,0,0
SI,si2611,浙商期货,3194,752,13589,1715,-10395,-963,752,0,1715,0
SI,si2611,中辉期货,3097,67,0,0,3097,67,67,0,0,0
SI,si2611,南华期货,2970,227,0,0,2970,227,227,0,0,0
SI,si2611,平安期货,2949,374,0,0,2949,374,374,0,0,0
SI,si2611,大地期货,0,0,5591,650,-5591,-650,0,0,650,0
SI,si2611,一德期货,0,0,4545,779,-4545,-779,0,0,779,0
SI,si2611,摩根大通,0,0,3729,-399,-3729,399,0,0,0,399
SI,si2611,国投安信,0,0,3712,-132,-3712,132,0,0,0,132
SI,si2611,瑞达期货,0,0,3153,602,-3153,-602,0,0,602,0
SI,si2611,申银万国,0,0,3061,-350,-3061,350,0,0,0,350
CY,cy2611,国投安信,2280,-63,2159,-83,121,20,0,63,0,83
CY,cy2611,中信期货,1848,152,1067,34,781,118,152,0,34,0
CY,cy2611,锦泰期货,999,0,1000,0,-1,0,0,0,0,0
CY,cy2611,永安期货,827,28,1246,1,-419,27,28,0,1,0
CY,cy2611,浙商期货,716,31,561,6,155,25,31,0,6,0
CY,cy2611,南华期货,635,-7,653,29,-18,-36,0,7,29,0
CY,cy2611,弘业期货,615,14,600,-3,15,17,14,0,0,3
CY,cy2611,东海期货,611,-3,608,4,3,-7,0,3,4,0
CY,cy2611,国海良时,605,-1,603,0,2,-1,0,1,0,0
CY,cy2611,中信建投,560,6,550,6,10,0,6,0,6,0
CY,cy2611,东吴期货,551,-11,696,105,-145,-116,0,11,105,0
CY,cy2611,国泰君安,510,14,1398,44,-888,-30,14,0,44,0
CY,cy2611,银河期货,393,1,0,0,393,1,1,0,0,0
CY,cy2611,平安期货,308,-6,0,0,308,-6,0,6,0,0
CY,cy2611,中金财富,284,48,0,0,284,48,48,0,0,0
CY,cy2611,东证期货,263,77,86,38,177,39,77,0,38,0
CY,cy2611,瑞达期货,196,19,0,0,196,19,19,0,0,0
CY,cy2611,浙江新世纪,186,62,0,0,186,62,62,0,0,0
CY,cy2611,华泰期货,172,28,81,50,91,-22,28,0,50,0
CY,cy2611,东航期货,132,6,0,0,132,6,6,0,0,0
CY,cy2611,广州期货,0,0,2002,120,-2002,-120,0,0,120,0
CY,cy2611,中粮期货,0,0,189,-30,-189,30,0,0,0,30
CY,cy2611,广发期货,0,0,118,3,-118,-3,0,0,3,0
CY,cy2611,宝城期货,0,0,100,-2,-100,2,0,0,0,2
CY,cy2611,大有期货,0,0,87,2,-87,-2,0,0,2,0
CY,cy2611,方正中期,0,0,81,33,-81,-33,0,0,33,0
CF,cf2701,中信期货,63277,2817,67693,2141,-4416,676,2817,0,2141,0
CF,cf2701,东证期货,38953,-2919,32902,235,6051,-3154,0,2919,235,0
CF,cf2701,国泰君安,30244,4547,25586,2584,4658,1963,4547,0,2584,0
CF,cf2701,银河期货,21334,443,20437,1165,897,-722,443,0,1165,0
CF,cf2701,一德期货,19759,-4,0,0,19759,-4,0,4,0,0
CF,cf2701,华泰期货,18548,-48,12786,533,5762,-581,0,48,533,0
CF,cf2701,中金财富,18057,818,0,0,18057,818,818,0,0,0
CF,cf2701,光大期货,17171,793,0,0,17171,793,793,0,0,0
CF,cf2701,国投安信,12591,-74,14128,-485,-1537,411,0,74,0,485
CF,cf2701,招商期货,10468,1044,8347,-8,2121,1052,1044,0,0,8
CF,cf2701,国贸期货,10321,1334,19571,123,-9250,1211,1334,0,123,0
CF,cf2701,永安期货,10317,-246,57573,3358,-47256,-3604,0,246,3358,0
CF,cf2701,西部期货,10116,-14,0,0,10116,-14,0,14,0,0
CF,cf2701,广发期货,9768,224,0,0,9768,224,224,0,0,0
CF,cf2701,大地期货,9112,41,7786,365,1326,-324,41,0,365,0
CF,cf2701,中粮期货,9098,897,54938,8601,-45840,-7704,897,0,8601,0
CF,cf2701,方正中期,8613,-405,0,0,8613,-405,0,405,0,0
CF,cf2701,徽商期货,7846,1509,0,0,7846,1509,1509,0,0,0
CF,cf2701,中泰期货,7638,-228,10409,221,-2771,-449,0,228,221,0
CF,cf2701,物产中大,7247,529,0,0,7247,529,529,0,0,0
CF,cf2701,中国国际,0,0,15193,134,-15193,-134,0,0,134,0
CF,cf2701,广州期货,0,0,14511,479,-14511,-479,0,0,479,0
CF,cf2701,长江期货,0,0,11640,321,-11640,-321,0,0,321,0
CF,cf2701,五矿期货,0,0,7940,51,-7940,-51,0,0,51,0
CF,cf2701,东吴期货,0,0,7015,329,-7015,-329,0,0,329,0
CF,cf2701,兴证期货,0,0,6505,1420,-6505,-1420,0,0,1420,0
CF,cf2701,东海期货,0,0,6493,657,-6493,-657,0,0,657,0
CF,cf2701,南华期货,0,0,6479,1428,-6479,-1428,0,0,1428,0
P,p2701,国泰君安,52072,-3551,51445,6511,627,-10062,0,3551,6511,0
P,p2701,东证期货,34935,416,42743,-361,-7808,777,416,0,0,361
P,p2701,一德期货,32368,2727,12997,1019,19371,1708,2727,0,1019,0
P,p2701,摩根大通,28263,3261,12724,-958,15539,4219,3261,0,0,958
P,p2701,中信期货,25174,5584,35842,-3132,-10668,8716,5584,0,0,3132
P,p2701,中粮期货,19592,-612,37979,-2990,-18387,2378,0,612,0,2990
P,p2701,国投安信,17888,-2749,11919,1394,5969,-4143,0,2749,1394,0
P,p2701,永安期货,16544,1804,10624,1897,5920,-93,1804,0,1897,0
P,p2701,广发期货,16458,-722,11464,940,4994,-1662,0,722,940,0
P,p2701,高盛期货,15908,4429,20941,-1971,-5033,6400,4429,0,0,1971
P,p2701,宏源期货,15157,421,0,0,15157,421,421,0,0,0
P,p2701,申银万国,14625,-275,0,0,14625,-275,0,275,0,0
P,p2701,银河期货,12487,538,0,0,12487,538,538,0,0,0
P,p2701,华泰期货,10899,1149,14506,1076,-3607,73,1149,0,1076,0
P,p2701,五矿期货,10885,276,0,0,10885,276,276,0,0,0
P,p2701,东吴期货,10799,1138,0,0,10799,1138,1138,0,0,0
P,p2701,浙商期货,10062,368,21600,-1410,-11538,1778,368,0,0,1410
P,p2701,光大期货,9867,-183,0,0,9867,-183,0,183,0,0
P,p2701,中金财富,9610,-401,10991,-735,-1381,334,0,401,0,735
P,p2701,瑞达期货,8684,1394,9902,-70,-1218,1464,1394,0,0,70
P,p2701,海通期货,0,0,21837,813,-21837,-813,0,0,813,0
P,p2701,建信期货,0,0,15101,2391,-15101,-2391,0,0,2391,0
P,p2701,国贸期货,0,0,14877,129,-14877,-129,0,0,129,0
P,p2701,国富期货,0,0,14280,1490,-14280,-1490,0,0,1490,0
P,p2701,中信建投,0,0,11785,-236,-11785,236,0,0,0,236
P,p2701,中泰期货,0,0,9411,1772,-9411,-1772,0,0,1772,0
AO,ao2610,中信期货,22315,-360,33596,3459,-11281,-3819,0,360,3459,0
AO,ao2610,国泰君安,21257,2792,28945,-83,-7688,2875,2792,0,0,83
AO,ao2610,银河期货,19275,313,14518,1249,4757,-936,313,0,1249,0
AO,ao2610,国投安信,17748,26,5602,258,12146,-232,26,0,258,0
AO,ao2610,东吴期货,12427,1124,11619,330,808,794,1124,0,330,0
AO,ao2610,东证期货,11965,532,18666,475,-6701,57,532,0,475,0
AO,ao2610,创元期货,9856,200,10576,179,-720,21,200,0,179,0
AO,ao2610,广发期货,9386,502,12905,566,-3519,-64,502,0,566,0
AO,ao2610,华泰期货,8717,-1093,13640,-1086,-4923,-7,0,1093,0,1086
AO,ao2610,国贸期货,8051,-49,0,0,8051,-49,0,49,0,0
AO,ao2610,浙商期货,8051,946,0,0,8051,946,946,0,0,0
AO,ao2610,中信建投,8036,99,8392,-888,-356,987,99,0,0,888
AO,ao2610,平安期货,7313,422,7510,230,-197,192,422,0,230,0
AO,ao2610,南华期货,6516,-181,0,0,6516,-181,0,181,0,0
AO,ao2610,建信期货,6460,28,0,0,6460,28,28,0,0,0
AO,ao2610,五矿期货,6402,-1077,0,0,6402,-1077,0,1077,0,0
AO,ao2610,永安期货,6335,1185,12975,-23,-6640,1208,1185,0,0,23
AO,ao2610,正信期货,6240,-18,0,0,6240,-18,0,18,0,0
AO,ao2610,弘业期货,6223,184,5421,1,802,183,184,0,1,0
AO,ao2610,中粮期货,5347,261,0,0,5347,261,261,0,0,0
AO,ao2610,中金财富,0,0,13976,647,-13976,-647,0,0,647,0
AO,ao2610,瑞达期货,0,0,11352,-165,-11352,165,0,0,0,165
AO,ao2610,方正中期,0,0,4891,511,-4891,-511,0,0,511,0
AO,ao2610,国信期货,0,0,4064,344,-4064,-344,0,0,344,0
AO,ao2610,国元期货,0,0,3877,166,-3877,-166,0,0,166,0
AO,ao2610,海通期货,0,0,3840,-62,-3840,62,0,0,0,62
AO,ao2610,招商期货,0,0,3834,-507,-3834,507,0,0,0,507
AU,au2610,国泰君安,32515,663,10352,344,22163,319,663,0,344,0
AU,au2610,中信期货,16070,1413,2677,-316,13393,1729,1413,0,0,316
AU,au2610,银河期货,10098,-588,1500,-124,8598,-464,0,588,0,124
AU,au2610,永安期货,8302,465,0,0,8302,465,465,0,0,0
AU,au2610,东证期货,7837,-156,2454,-420,5383,264,0,156,0,420
AU,au2610,国投安信,6227,172,1277,20,4950,152,172,0,20,0
AU,au2610,平安期货,5549,157,604,66,4945,91,157,0,66,0
AU,au2610,华泰期货,5292,384,2881,1245,2411,-861,384,0,1245,0
AU,au2610,中财期货,4796,887,0,0,4796,887,887,0,0,0
AU,au2610,广发期货,4645,406,2323,159,2322,247,406,0,159,0
AU,au2610,方正中期,4363,-41,1130,212,3233,-253,0,41,212,0
AU,au2610,光大期货,3969,196,627,153,3342,43,196,0,153,0
AU,au2610,中信建投,3753,-207,1773,100,1980,-307,0,207,100,0
AU,au2610,中金财富,3686,128,0,0,3686,128,128,0,0,0
AU,au2610,招商期货,3479,204,0,0,3479,204,204,0,0,0
AU,au2610,中辉期货,3373,351,0,0,3373,351,351,0,0,0
AU,au2610,东吴期货,2831,390,0,0,2831,390,390,0,0,0
AU,au2610,南华期货,2654,-68,716,175,1938,-243,0,68,175,0
AU,au2610,兴业期货,2632,-496,0,0,2632,-496,0,496,0,0
AU,au2610,国信期货,2491,550,566,21,1925,529,550,0,21,0
AU,au2610,齐盛期货,0,0,2148,546,-2148,-546,0,0,546,0
AU,au2610,红塔期货,0,0,2052,398,-2052,-398,0,0,398,0
AU,au2610,中泰期货,0,0,1346,394,-1346,-394,0,0,394,0
AU,au2610,金瑞期货,0,0,1186,-17,-1186,17,0,0,0,17
AU,au2610,国贸期货,0,0,902,301,-902,-301,0,0,301,0
AU,au2610,徽商期货,0,0,867,313,-867,-313,0,0,313,0
AU,au2610,五矿期货,0,0,805,40,-805,-40,0,0,40,0
BU,bu2610,中信期货,47124,5427,24844,-1614,22280,7041,5427,0,0,1614
BU,bu2610,国泰君安,27652,2941,30241,864,-2589,2077,2941,0,864,0
BU,bu2610,东证期货,16870,5255,7110,-2170,9760,7425,5255,0,0,2170
BU,bu2610,银河期货,16429,-1469,21140,5903,-4711,-7372,0,1469,5903,0
BU,bu2610,永安期货,15537,-32,15326,-158,211,126,0,32,0,158
BU,bu2610,瑞达期货,12768,3432,8695,-430,4073,3862,3432,0,0,430
BU,bu2610,国投安信,12725,581,10495,104,2230,477,581,0,104,0
BU,bu2610,中金财富,12514,2415,0,0,12514,2415,2415,0,0,0
BU,bu2610,华泰期货,11470,1135,4628,771,6842,364,1135,0,771,0
BU,bu2610,高盛期货,11194,-1445,0,0,11194,-1445,0,1445,0,0
BU,bu2610,浙商期货,8777,515,13077,456,-4300,59,515,0,456,0
BU,bu2610,中信建投,8434,-3386,7409,-3256,1025,-130,0,3386,0,3256
BU,bu2610,海通期货,7958,593,8968,-764,-1010,1357,593,0,0,764
BU,bu2610,宏源期货,7436,357,8010,-27,-574,384,357,0,0,27
BU,bu2610,广发期货,6400,772,10340,1406,-3940,-634,772,0,1406,0
BU,bu2610,中泰期货,5827,239,13302,416,-7475,-177,239,0,416,0
BU,bu2610,招商期货,5702,-997,0,0,5702,-997,0,997,0,0
BU,bu2610,平安期货,4985,35,0,0,4985,35,35,0,0,0
BU,bu2610,申银万国,4875,69,7835,227,-2960,-158,69,0,227,0
BU,bu2610,五矿期货,4666,137,8435,-9,-3769,146,137,0,0,9
BU,bu2610,中粮期货,0,0,9108,345,-9108,-345,0,0,345,0
BU,bu2610,物产中大,0,0,6840,121,-6840,-121,0,0,121,0
BU,bu2610,大地期货,0,0,4621,289,-4621,-289,0,0,289,0
BU,bu2610,盛达期货,0,0,4496,306,-4496,-306,0,0,306,0
PB,pb2610,中信期货,9880,162,9354,2,526,160,162,0,2,0
PB,pb2610,银河期货,6774,-2292,2316,148,4458,-2440,0,2292,148,0
PB,pb2610,国泰君安,5752,-116,5556,-106,196,-10,0,116,0,106
PB,pb2610,平安期货,5569,189,0,0,5569,189,189,0,0,0
PB,pb2610,国信期货,4586,-38,1891,-32,2695,-6,0,38,0,32
PB,pb2610,东证期货,4540,1155,5886,-1098,-1346,2253,1155,0,0,1098
PB,pb2610,金瑞期货,4181,-2,1221,-15,2960,13,0,2,0,15
PB,pb2610,永安期货,2595,336,4587,-38,-1992,374,336,0,0,38
PB,pb2610,中泰期货,2527,32,0,0,2527,32,32,0,0,0
PB,pb2610,申银万国,2514,16,0,0,2514,16,16,0,0,0
PB,pb2610,浙商期货,2478,-11,4687,-73,-2209,62,0,11,0,73
PB,pb2610,华泰期货,1741,237,2774,292,-1033,-55,237,0,292,0
PB,pb2610,海通期货,1379,116,1048,25,331,91,116,0,25,0
PB,pb2610,新湖期货,1117,-203,0,0,1117,-203,0,203,0,0
PB,pb2610,高盛期货,1070,37,7735,-1094,-6665,1131,37,0,0,1094
PB,pb2610,正信期货,961,109,0,0,961,109,109,0,0,0
PB,pb2610,华鑫期货,888,-56,0,0,888,-56,0,56,0,0
PB,pb2610,恒力期货,836,1,0,0,836,1,1,0,0,0
PB,pb2610,大地期货,836,192,0,0,836,192,192,0,0,0
PB,pb2610,东吴期货,834,-12,0,0,834,-12,0,12,0,0
PB,pb2610,中金财富,0,0,3987,-508,-3987,508,0,0,0,508
PB,pb2610,瑞银期货,0,0,2087,0,-2087,0,0,0,0,0
PB,pb2610,光大期货,0,0,1517,-159,-1517,159,0,0,0,159
PB,pb2610,云晨期货,0,0,1369,55,-1369,-55,0,0,55,0
PB,pb2610,五矿期货,0,0,1157,9,-1157,-9,0,0,9,0
PB,pb2610,中信建投,0,0,1039,89,-1039,-89,0,0,89,0
PB,pb2610,海证期货,0,0,964,550,-964,-550,0,0,550,0
PB,pb2610,方正中期,0,0,945,-300,-945,300,0,0,0,300
PB,pb2610,宏源期货,0,0,932,403,-932,-403,0,0,403,0
CU,cu2609,国泰君安,20550,-1366,7008,-460,13542,-906,0,1366,0,460
CU,cu2609,中信期货,18582,-1380,14671,-2176,3911,796,0,1380,0,2176
CU,cu2609,金瑞期货,11210,-374,14120,-1004,-2910,630,0,374,0,1004
CU,cu2609,东证期货,7195,-55,8518,-1522,-1323,1467,0,55,0,1522
CU,cu2609,银河期货,5736,132,4654,-770,1082,902,132,0,0,770
CU,cu2609,永安期货,5599,-159,0,0,5599,-159,0,159,0,0
CU,cu2609,中粮期货,5437,571,3979,-135,1458,706,571,0,0,135
CU,cu2609,铜冠金源,4551,-868,0,0,4551,-868,0,868,0,0
CU,cu2609,新湖期货,3651,-616,0,0,3651,-616,0,616,0,0
CU,cu2609,华泰期货,3539,235,4554,-556,-1015,791,235,0,0,556
CU,cu2609,广发期货,3375,-95,3139,-170,236,75,0,95,0,170
CU,cu2609,紫金天风,2864,-563,4998,-153,-2134,-410,0,563,0,153
CU,cu2609,中泰期货,2827,136,0,0,2827,136,136,0,0,0
CU,cu2609,中金财富,2493,32,0,0,2493,32,32,0,0,0
CU,cu2609,光大期货,2443,-95,2948,-951,-505,856,0,95,0,951
CU,cu2609,国投安信,2420,-14,3656,217,-1236,-231,0,14,217,0
CU,cu2609,建信期货,2262,-104,3930,-174,-1668,70,0,104,0,174
CU,cu2609,中信建投,2044,-508,0,0,2044,-508,0,508,0,0
CU,cu2609,五矿期货,2025,-1008,5709,1,-3684,-1009,0,1008,1,0
CU,cu2609,招商期货,1850,110,0,0,1850,110,110,0,0,0
CU,cu2609,国贸期货,0,0,3736,-1086,-3736,1086,0,0,0,1086
CU,cu2609,兴业期货,0,0,3507,-313,-3507,313,0,0,0,313
CU,cu2609,方正中期,0,0,3295,-180,-3295,180,0,0,0,180
CU,cu2609,云晨期货,0,0,3261,-402,-3261,402,0,0,0,402
CU,cu2609,南华期货,0,0,2814,-108,-2814,108,0,0,0,108
CU,cu2609,国信期货,0,0,2790,-662,-2790,662,0,0,0,662
CU,cu2609,国联期货,0,0,2289,-118,-2289,118,0,0,0,118
AL,al2610,中信期货,35207,-2398,34064,438,1143,-2836,0,2398,438,0
AL,al2610,国泰君安,25389,585,41901,8,-16512,577,585,0,8,0
AL,al2610,东证期货,17181,-21,15142,138,2039,-159,0,21,138,0
AL,al2610,高盛期货,10331,-4065,6818,-109,3513,-3956,0,4065,0,109
AL,al2610,中信建投,9093,1273,0,0,9093,1273,1273,0,0,0
AL,al2610,银河期货,8818,-390,8272,119,546,-509,0,390,119,0
AL,al2610,方正中期,8771,-57,3597,267,5174,-324,0,57,267,0
AL,al2610,华泰期货,7462,317,6954,267,508,50,317,0,267,0
AL,al2610,东吴期货,7342,1950,7879,330,-537,1620,1950,0,330,0
AL,al2610,中金财富,6710,-4141,0,0,6710,-4141,0,4141,0,0
AL,al2610,中泰期货,6367,700,4520,60,1847,640,700,0,60,0
AL,al2610,永安期货,6332,-27,9814,-688,-3482,661,0,27,0,688
AL,al2610,光大期货,5358,349,0,0,5358,349,349,0,0,0
AL,al2610,申银万国,5209,710,0,0,5209,710,710,0,0,0
AL,al2610,金瑞期货,5090,-58,0,0,5090,-58,0,58,0,0
AL,al2610,广发期货,4336,-75,5906,-287,-1570,212,0,75,0,287
AL,al2610,南华期货,4108,440,3939,-156,169,596,440,0,0,156
AL,al2610,瑞银期货,4107,-603,0,0,4107,-603,0,603,0,0
AL,al2610,摩根大通,3824,0,0,0,3824,0,0,0,0,0
AL,al2610,新湖期货,3687,-19,0,0,3687,-19,0,19,0,0
AL,al2610,浙商期货,0,0,16022,-1603,-16022,1603,0,0,0,1603
AL,al2610,国贸期货,0,0,8550,-586,-8550,586,0,0,0,586
AL,al2610,中粮期货,0,0,5105,-786,-5105,786,0,0,0,786
AL,al2610,招商期货,0,0,4233,841,-4233,-841,0,0,841,0
AL,al2610,长江期货,0,0,3962,470,-3962,-470,0,0,470,0
AL,al2610,上海中期,0,0,3937,29,-3937,-29,0,0,29,0
AL,al2610,兴证期货,0,0,3555,537,-3555,-537,0,0,537,0
AL,al2610,中银期货,0,0,3554,90,-3554,-90,0,0,90,0
AG,ag2610,国泰君安,31918,5061,23449,-1258,8469,6319,5061,0,0,1258
AG,ag2610,中信期货,22237,2643,27644,-14,-5407,2657,2643,0,0,14
AG,ag2610,银河期货,16459,347,11346,870,5113,-523,347,0,870,0
AG,ag2610,东证期货,13346,3406,9444,-1673,3902,5079,3406,0,0,1673
AG,ag2610,华泰期货,9647,-561,6383,-481,3264,-80,0,561,0,481
AG,ag2610,国投安信,8727,-2324,0,0,8727,-2324,0,2324,0,0
AG,ag2610,平安期货,8724,-761,3152,324,5572,-1085,0,761,324,0
AG,ag2610,广发期货,8399,-142,3882,657,4517,-799,0,142,657,0
AG,ag2610,东吴期货,7337,1527,0,0,7337,1527,1527,0,0,0
AG,ag2610,中财期货,6642,3,0,0,6642,3,3,0,0,0
AG,ag2610,方正中期,6529,-1962,5099,1370,1430,-3332,0,1962,1370,0
AG,ag2610,永安期货,6331,-551,3155,-128,3176,-423,0,551,0,128
AG,ag2610,中信建投,5696,-421,0,0,5696,-421,0,421,0,0
AG,ag2610,光大期货,5409,-608,5063,292,346,-900,0,608,292,0
AG,ag2610,招商期货,4641,227,0,0,4641,227,227,0,0,0
AG,ag2610,金瑞期货,4568,-130,10578,98,-6010,-228,0,130,98,0
AG,ag2610,五矿期货,4234,659,0,0,4234,659,659,0,0,0
AG,ag2610,申银万国,4009,102,2647,68,1362,34,102,0,68,0
AG,ag2610,国信期货,3553,-342,0,0,3553,-342,0,342,0,0
AG,ag2610,瑞达期货,3402,180,0,0,3402,180,180,0,0,0
AG,ag2610,宏源期货,0,0,11809,-666,-11809,666,0,0,0,666
AG,ag2610,中银期货,0,0,8907,-40,-8907,40,0,0,0,40
AG,ag2610,华鑫期货,0,0,5186,-122,-5186,122,0,0,0,122
AG,ag2610,齐盛期货,0,0,4823,982,-4823,-982,0,0,982,0
AG,ag2610,浙商期货,0,0,4709,256,-4709,-256,0,0,256,0
AG,ag2610,南华期货,0,0,4147,-245,-4147,245,0,0,0,245
AG,ag2610,云晨期货,0,0,3848,122,-3848,-122,0,0,122,0
AG,ag2610,东方财富,0,0,2340,688,-2340,-688,0,0,688,0
ZN,zn2610,中信期货,21755,-950,12684,-216,9071,-734,0,950,0,216
ZN,zn2610,高盛期货,12723,-1361,0,0,12723,-1361,0,1361,0,0
ZN,zn2610,国泰君安,12448,299,10310,828,2138,-529,299,0,828,0
ZN,zn2610,银河期货,7771,223,7328,-234,443,457,223,0,0,234
ZN,zn2610,东证期货,7345,229,6678,622,667,-393,229,0,622,0
ZN,zn2610,浙商期货,5800,-459,0,0,5800,-459,0,459,0,0
ZN,zn2610,中金财富,4505,-121,0,0,4505,-121,0,121,0,0
ZN,zn2610,信达期货,3531,-76,0,0,3531,-76,0,76,0,0
ZN,zn2610,华泰期货,3461,-168,3028,577,433,-745,0,168,577,0
ZN,zn2610,国信期货,3376,-44,0,0,3376,-44,0,44,0,0
ZN,zn2610,中信建投,2531,72,0,0,2531,72,72,0,0,0
ZN,zn2610,广发期货,2499,-68,2366,144,133,-212,0,68,144,0
ZN,zn2610,永安期货,2318,-64,3149,-251,-831,187,0,64,0,251
ZN,zn2610,中辉期货,2194,-84,0,0,2194,-84,0,84,0,0
ZN,zn2610,摩根大通,2174,327,0,0,2174,327,327,0,0,0
ZN,zn2610,国联期货,2160,9,0,0,2160,9,9,0,0,0
ZN,zn2610,瑞银期货,2097,-1,0,0,2097,-1,0,1,0,0
ZN,zn2610,宏源期货,1710,-55,0,0,1710,-55,0,55,0,0
ZN,zn2610,南华期货,1521,43,0,0,1521,43,43,0,0,0
ZN,zn2610,中粮期货,1459,-27,7142,-975,-5683,948,0,27,0,975
ZN,zn2610,建信期货,0,0,5381,-129,-5381,129,0,0,0,129
ZN,zn2610,申银万国,0,0,4804,-79,-4804,79,0,0,0,79
ZN,zn2610,瑞达期货,0,0,4401,183,-4401,-183,0,0,183,0
ZN,zn2610,国贸期货,0,0,4311,-49,-4311,49,0,0,0,49
ZN,zn2610,金瑞期货,0,0,3578,112,-3578,-112,0,0,112,0
ZN,zn2610,云晨期货,0,0,3287,69,-3287,-69,0,0,69,0
ZN,zn2610,国投安信,0,0,2881,234,-2881,-234,0,0,234,0
ZN,zn2610,海通期货,0,0,2674,-390,-2674,390,0,0,0,390
ZN,zn2610,招商期货,0,0,2538,620,-2538,-620,0,0,620,0
ZN,zn2610,光大期货,0,0,2503,-532,-2503,532,0,0,0,532
ZN,zn2610,铜冠金源,0,0,2481,13,-2481,-13,0,0,13,0
ZN,zn2610,方正中期,0,0,2441,355,-2441,-355,0,0,355,0
SN,sn2609,国泰君安,3517,83,2387,-630,1130,713,83,0,0,630
SN,sn2609,中信期货,2428,-140,2119,-438,309,298,0,140,0,438
SN,sn2609,东证期货,1833,81,1592,-205,241,286,81,0,0,205
SN,sn2609,永安期货,1228,-45,917,-48,311,3,0,45,0,48
SN,sn2609,方正中期,954,-1012,915,41,39,-1053,0,1012,41,0
SN,sn2609,银河期货,882,-165,2278,-34,-1396,-131,0,165,0,34
SN,sn2609,国投安信,876,-141,0,0,876,-141,0,141,0,0
SN,sn2609,广发期货,766,16,1638,-809,-872,825,16,0,0,809
SN,sn2609,华泰期货,731,34,637,61,94,-27,34,0,61,0
SN,sn2609,中泰期货,711,97,680,-56,31,153,97,0,0,56
SN,sn2609,瑞达期货,698,-54,871,-28,-173,-26,0,54,0,28
SN,sn2609,浙商期货,685,-10,0,0,685,-10,0,10,0,0
SN,sn2609,中金财富,621,54,0,0,621,54,54,0,0,0
SN,sn2609,金瑞期货,584,-104,853,59,-269,-163,0,104,59,0
SN,sn2609,海证期货,572,76,517,-55,55,131,76,0,0,55
SN,sn2609,东海期货,568,-19,1092,-7,-524,-12,0,19,0,7
SN,sn2609,五矿期货,551,-31,0,0,551,-31,0,31,0,0
SN,sn2609,中信建投,536,-743,1084,182,-548,-925,0,743,182,0
SN,sn2609,新世纪,471,-44,0,0,471,-44,0,44,0,0
SN,sn2609,宏源期货,459,157,0,0,459,157,157,0,0,0
SN,sn2609,光大期货,0,0,1061,-41,-1061,41,0,0,0,41
SN,sn2609,南华期货,0,0,945,-63,-945,63,0,0,0,63
SN,sn2609,国联期货,0,0,588,-179,-588,179,0,0,0,179
SN,sn2609,云晨期货,0,0,563,21,-563,-21,0,0,21,0
SN,sn2609,招商期货,0,0,473,-27,-473,27,0,0,0,27
SN,sn2609,新湖期货,0,0,423,-10,-423,10,0,0,0,10
NI,ni2609,国泰君安,11478,-1163,20560,-520,-9082,-643,0,1163,0,520
NI,ni2609,中信期货,7084,-700,10526,-2707,-3442,2007,0,700,0,2707
NI,ni2609,东证期货,4573,-571,3082,-1513,1491,942,0,571,0,1513
NI,ni2609,永安期货,3724,261,0,0,3724,261,261,0,0,0
NI,ni2609,南华期货,3573,-992,0,0,3573,-992,0,992,0,0
NI,ni2609,国投安信,2932,-312,4320,-662,-1388,350,0,312,0,662
NI,ni2609,广发期货,2885,-1665,3183,181,-298,-1846,0,1665,181,0
NI,ni2609,华泰期货,2613,-1095,5838,-456,-3225,-639,0,1095,0,456
NI,ni2609,银河期货,2371,-224,2529,-1076,-158,852,0,224,0,1076
NI,ni2609,光大期货,2176,-219,0,0,2176,-219,0,219,0,0
NI,ni2609,方正中期,2106,-596,1680,117,426,-713,0,596,117,0
NI,ni2609,浙商期货,1950,-256,1146,-31,804,-225,0,256,0,31
NI,ni2609,海通期货,1925,24,0,0,1925,24,24,0,0,0
NI,ni2609,中泰期货,1863,-529,1538,-486,325,-43,0,529,0,486
NI,ni2609,东兴期货,1847,-56,0,0,1847,-56,0,56,0,0
NI,ni2609,招商期货,1794,-123,0,0,1794,-123,0,123,0,0
NI,ni2609,申银万国,1711,-651,1513,-66,198,-585,0,651,0,66
NI,ni2609,金瑞期货,1563,-408,0,0,1563,-408,0,408,0,0
NI,ni2609,兴证期货,1466,-157,0,0,1466,-157,0,157,0,0
NI,ni2609,物产中大,1252,-348,0,0,1252,-348,0,348,0,0
NI,ni2609,五矿期货,0,0,4503,-8,-4503,8,0,0,0,8
NI,ni2609,瑞达期货,0,0,3421,-576,-3421,576,0,0,0,576
NI,ni2609,兴业期货,0,0,1969,8,-1969,-8,0,0,8,0
NI,ni2609,中粮期货,0,0,1796,-927,-1796,927,0,0,0,927
NI,ni2609,大有期货,0,0,1761,-46,-1761,46,0,0,0,46
NI,ni2609,山金期货,0,0,1622,4,-1622,-4,0,0,4,0
NI,ni2609,中信建投,0,0,1386,-564,-1386,564,0,0,0,564
NI,ni2609,国信期货,0,0,1182,-170,-1182,170,0,0,0,170
NI,ni2609,国元期货,0,0,1128,222,-1128,-222,0,0,222,0
RS,rs2609,兴业期货,10,0,0,0,10,0,0,0,0,0
RS,rs2609,中财期货,10,0,4,0,6,0,0,0,0,0
RS,rs2609,山金期货,5,0,0,0,5,0,0,0,0,0
RS,rs2609,申银万国,4,0,0,0,4,0,0,0,0,0
RS,rs2609,宁证期货,4,1,0,0,4,1,1,0,0,0
RS,rs2609,光大期货,3,0,0,0,3,0,0,0,0,0
RS,rs2609,浙商期货,2,0,1,0,1,0,0,0,0,0
RS,rs2609,中信期货,2,2,0,0,2,2,2,0,0,0
RS,rs2609,广发期货,1,0,0,0,1,0,0,0,0,0
RS,rs2609,民生期货,1,0,0,0,1,0,0,0,0,0
RS,rs2609,国盛期货,1,0,0,0,1,0,0,0,0,0
RS,rs2609,招商期货,1,0,0,0,1,0,0,0,0,0
RS,rs2609,弘业期货,0,-1,2,2,-2,-3,0,1,2,0
RS,rs2609,国投安信,0,0,22,0,-22,0,0,0,0,0
RS,rs2609,中国国际,0,0,10,0,-10,0,0,0,0,0
RS,rs2609,渤海期货,0,0,2,0,-2,0,0,0,0,0
RS,rs2609,大地期货,0,0,1,0,-1,0,0,0,0,0
RS,rs2609,方正中期,0,0,1,0,-1,0,0,0,0,0
RS,rs2609,华泰期货,0,0,1,0,-1,0,0,0,0,0
PG,pg2610,中信建投,12145,994,11912,926,233,68,994,0,926,0
PG,pg2610,中信期货,10138,38,8718,-176,1420,214,38,0,0,176
PG,pg2610,广发期货,9578,-52,12560,-140,-2982,88,0,52,0,140
PG,pg2610,海通期货,8756,-106,9162,-71,-406,-35,0,106,0,71
PG,pg2610,国泰君安,7977,-38,10958,-196,-2981,158,0,38,0,196
PG,pg2610,华泰期货,6586,-90,4917,161,1669,-251,0,90,161,0
PG,pg2610,高盛期货,5721,-1702,0,0,5721,-1702,0,1702,0,0
PG,pg2610,长江期货,4716,-9,4674,-1,42,-8,0,9,0,1
PG,pg2610,东证期货,3019,-116,3509,-695,-490,579,0,116,0,695
PG,pg2610,永安期货,2598,-310,3111,-314,-513,4,0,310,0,314
PG,pg2610,中金财富,2244,243,0,0,2244,243,243,0,0,0
PG,pg2610,浙商期货,1808,73,0,0,1808,73,73,0,0,0
PG,pg2610,银河期货,1729,-3,1512,-67,217,64,0,3,0,67
PG,pg2610,瑞银期货,1549,90,1070,0,479,90,90,0,0,0
PG,pg2610,平安期货,1176,0,0,0,1176,0,0,0,0,0
PG,pg2610,瑞达期货,1116,290,0,0,1116,290,290,0,0,0
PG,pg2610,方正中期,1041,165,818,7,223,158,165,0,7,0
PG,pg2610,中泰期货,1007,-68,1118,62,-111,-130,0,68,62,0
PG,pg2610,国信期货,808,-195,0,0,808,-195,0,195,0,0
PG,pg2610,招商期货,793,110,0,0,793,110,110,0,0,0
PG,pg2610,东海期货,0,0,1800,66,-1800,-66,0,0,66,0
PG,pg2610,国投安信,0,0,1589,-286,-1589,286,0,0,0,286
PG,pg2610,摩根大通,0,0,1560,-61,-1560,61,0,0,0,61
PG,pg2610,东亚期货,0,0,1418,-20,-1418,20,0,0,0,20
PG,pg2610,申银万国,0,0,1326,-86,-1326,86,0,0,0,86
PG,pg2610,物产中大,0,0,1234,46,-1234,-46,0,0,46,0
PG,pg2610,徽商期货,0,0,765,82,-765,-82,0,0,82,0
HC,hc2610,国泰君安,188640,-8708,141073,-11099,47567,2391,0,8708,0,11099
HC,hc2610,中信期货,66003,-39,131925,-3469,-65922,3430,0,39,0,3469
HC,hc2610,东证期货,63496,-348,43092,1637,20404,-1985,0,348,1637,0
HC,hc2610,永安期货,62877,-5168,31112,-476,31765,-4692,0,5168,0,476
HC,hc2610,光大期货,61238,-1352,19572,-219,41666,-1133,0,1352,0,219
HC,hc2610,五矿期货,45135,-1528,0,0,45135,-1528,0,1528,0,0
HC,hc2610,银河期货,41383,-727,56866,-1218,-15483,491,0,727,0,1218
HC,hc2610,华泰期货,33139,930,29568,-2124,3571,3054,930,0,0,2124
HC,hc2610,瑞达期货,27643,719,23501,1883,4142,-1164,719,0,1883,0
HC,hc2610,中泰期货,27029,-3114,40010,1991,-12981,-5105,0,3114,1991,0
HC,hc2610,国贸期货,26747,-1801,46489,413,-19742,-2214,0,1801,413,0
HC,hc2610,方正中期,26275,-67,23666,4366,2609,-4433,0,67,4366,0
HC,hc2610,物产中大,25022,-440,17830,84,7192,-524,0,440,84,0
HC,hc2610,浙商期货,23880,45,17399,873,6481,-828,45,0,873,0
HC,hc2610,海通期货,20080,339,0,0,20080,339,339,0,0,0
HC,hc2610,宝城期货,19112,-303,17418,246,1694,-549,0,303,246,0
HC,hc2610,东吴期货,18870,-791,0,0,18870,-791,0,791,0,0
HC,hc2610,中信建投,14677,317,0,0,14677,317,317,0,0,0
HC,hc2610,一德期货,12898,110,0,0,12898,110,110,0,0,0
HC,hc2610,平安期货,11584,324,0,0,11584,324,324,0,0,0
HC,hc2610,高盛期货,0,0,61578,-14013,-61578,14013,0,0,0,14013
HC,hc2610,华闻期货,0,0,42485,323,-42485,-323,0,0,323,0
HC,hc2610,中金财富,0,0,23261,-3924,-23261,3924,0,0,0,3924
HC,hc2610,宏源期货,0,0,18844,754,-18844,-754,0,0,754,0
HC,hc2610,国投安信,0,0,17000,-731,-17000,731,0,0,0,731
HC,hc2610,海证期货,0,0,16345,-734,-16345,734,0,0,0,734
SH,sh2611,中信期货,17709,-1172,23641,699,-5932,-1871,0,1172,699,0
SH,sh2611,国泰君安,14914,-2231,22970,1096,-8056,-3327,0,2231,1096,0
SH,sh2611,中信建投,12111,-235,14631,-570,-2520,335,0,235,0,570
SH,sh2611,东证期货,11057,-425,15274,1463,-4217,-1888,0,425,1463,0
SH,sh2611,华泰期货,9607,29,11681,430,-2074,-401,29,0,430,0
SH,sh2611,银河期货,7404,-192,6238,-532,1166,340,0,192,0,532
SH,sh2611,方正中期,7317,417,6254,-357,1063,774,417,0,0,357
SH,sh2611,永安期货,6837,-1000,7451,-338,-614,-662,0,1000,0,338
SH,sh2611,五矿期货,6758,-193,6660,-135,98,-58,0,193,0,135
SH,sh2611,申银万国,6440,403,7823,1611,-1383,-1208,403,0,1611,0
SH,sh2611,海通期货,6284,-253,7961,909,-1677,-1162,0,253,909,0
SH,sh2611,国元期货,5488,357,4772,-49,716,406,357,0,0,49
SH,sh2611,中粮期货,5460,1253,4636,926,824,327,1253,0,926,0
SH,sh2611,南华期货,4830,488,5104,544,-274,-56,488,0,544,0
SH,sh2611,创元期货,4051,-141,4587,-806,-536,665,0,141,0,806
SH,sh2611,东方财富,3842,503,0,0,3842,503,503,0,0,0
SH,sh2611,浙商期货,3652,1213,0,0,3652,1213,1213,0,0,0
SH,sh2611,徽商期货,3469,579,0,0,3469,579,579,0,0,0
SH,sh2611,中金财富,3235,-559,6148,454,-2913,-1013,0,559,454,0
SH,sh2611,中泰期货,3202,-108,0,0,3202,-108,0,108,0,0
SH,sh2611,瑞达期货,0,0,5994,1614,-5994,-1614,0,0,1614,0
SH,sh2611,平安期货,0,0,5943,1143,-5943,-1143,0,0,1143,0
SH,sh2611,海航期货,0,0,4230,-459,-4230,459,0,0,0,459
SH,sh2611,东吴期货,0,0,4048,-517,-4048,517,0,0,0,517
J,j2701,国泰君安,6464,1029,5523,1506,941,-477,1029,0,1506,0
J,j2701,中信期货,5707,1721,8432,1387,-2725,334,1721,0,1387,0
J,j2701,一德期货,5403,16,1424,198,3979,-182,16,0,198,0
J,j2701,东证期货,2903,465,2660,522,243,-57,465,0,522,0
J,j2701,华泰期货,1970,204,2612,265,-642,-61,204,0,265,0
J,j2701,永安期货,1490,65,1431,327,59,-262,65,0,327,0
J,j2701,申银万国,1471,333,0,0,1471,333,333,0,0,0
J,j2701,中泰期货,1389,745,1118,123,271,622,745,0,123,0
J,j2701,银河期货,1361,296,1448,-9,-87,305,296,0,0,9
J,j2701,广发期货,1245,480,0,0,1245,480,480,0,0,0
J,j2701,浙商期货,1147,101,0,0,1147,101,101,0,0,0
J,j2701,兴证期货,1003,132,1646,70,-643,62,132,0,70,0
J,j2701,国投安信,972,-303,997,53,-25,-356,0,303,53,0
J,j2701,海证期货,903,-21,0,0,903,-21,0,21,0,0
J,j2701,新湖期货,883,323,0,0,883,323,323,0,0,0
J,j2701,国信期货,823,331,0,0,823,331,331,0,0,0
J,j2701,光大期货,712,439,2691,303,-1979,136,439,0,303,0
J,j2701,方正中期,708,-81,832,-61,-124,-20,0,81,0,61
J,j2701,中信建投,705,24,674,11,31,13,24,0,11,0
J,j2701,交子期货,654,1,0,0,654,1,1,0,0,0
J,j2701,中金财富,0,0,1154,5,-1154,-5,0,0,5,0
J,j2701,国贸期货,0,0,878,94,-878,-94,0,0,94,0
J,j2701,中辉期货,0,0,740,95,-740,-95,0,0,95,0
J,j2701,五矿期货,0,0,733,180,-733,-180,0,0,180,0
J,j2701,华闻期货,0,0,696,-8,-696,8,0,0,0,8
J,j2701,瑞达期货,0,0,689,258,-689,-258,0,0,258,0
J,j2701,宏源期货,0,0,683,66,-683,-66,0,0,66,0
JM,jm2701,国泰君安,56232,-6838,26359,120,29873,-6958,0,6838,120,0
JM,jm2701,中信期货,36950,6808,34711,1979,2239,4829,6808,0,1979,0
JM,jm2701,永安期货,35767,-874,17653,2121,18114,-2995,0,874,2121,0
JM,jm2701,东证期货,29140,3929,24215,-292,4925,4221,3929,0,0,292
JM,jm2701,银河期货,20823,3118,21313,-2048,-490,5166,3118,0,0,2048
JM,jm2701,华泰期货,16732,893,18723,229,-1991,664,893,0,229,0
JM,jm2701,一德期货,16431,-1376,13422,-440,3009,-936,0,1376,0,440
JM,jm2701,方正中期,13974,930,12591,-143,1383,1073,930,0,0,143
JM,jm2701,瑞达期货,11756,1282,8269,173,3487,1109,1282,0,173,0
JM,jm2701,东吴期货,10601,-1090,0,0,10601,-1090,0,1090,0,0
JM,jm2701,申银万国,10117,-130,9118,-3238,999,3108,0,130,0,3238
JM,jm2701,广发期货,9399,-129,14377,-2335,-4978,2206,0,129,0,2335
JM,jm2701,中信建投,8916,816,19595,1850,-10679,-1034,816,0,1850,0
JM,jm2701,中金财富,7839,1289,0,0,7839,1289,1289,0,0,0
JM,jm2701,国信期货,7432,1237,7510,-402,-78,1639,1237,0,0,402
JM,jm2701,浙商期货,7251,-1582,0,0,7251,-1582,0,1582,0,0
JM,jm2701,南华期货,6585,-467,0,0,6585,-467,0,467,0,0
JM,jm2701,海证期货,6531,340,7669,142,-1138,198,340,0,142,0
JM,jm2701,中泰期货,6356,877,17617,-1950,-11261,2827,877,0,0,1950
JM,jm2701,创元期货,6016,-305,0,0,6016,-305,0,305,0,0
JM,jm2701,中粮期货,0,0,9404,-87,-9404,87,0,0,0,87
JM,jm2701,长江期货,0,0,8985,494,-8985,-494,0,0,494,0
JM,jm2701,中辉期货,0,0,7782,1134,-7782,-1134,0,0,1134,0
JM,jm2701,徽商期货,0,0,7291,-245,-7291,245,0,0,0,245
JM,jm2701,光大期货,0,0,6527,-1084,-6527,1084,0,0,0,1084
FU,fu2611,国泰君安,24987,329,41987,-800,-17000,1129,329,0,0,800
FU,fu2611,中信期货,23973,808,18225,-1204,5748,2012,808,0,0,1204
FU,fu2611,东证期货,20493,-3400,16091,-2923,4402,-477,0,3400,0,2923
FU,fu2611,华泰期货,12770,-295,11882,463,888,-758,0,295,463,0
FU,fu2611,高盛期货,10349,712,0,0,10349,712,712,0,0,0
FU,fu2611,银河期货,7753,-187,9776,15,-2023,-202,0,187,15,0
FU,fu2611,中金财富,7658,-422,0,0,7658,-422,0,422,0,0
FU,fu2611,方正中期,7576,-555,8462,49,-886,-604,0,555,49,0
FU,fu2611,招商期货,7464,95,5643,-44,1821,139,95,0,0,44
FU,fu2611,永安期货,6708,449,16825,551,-10117,-102,449,0,551,0
FU,fu2611,宏源期货,6641,26,6162,45,479,-19,26,0,45,0
FU,fu2611,中泰期货,5448,-383,6750,-254,-1302,-129,0,383,0,254
FU,fu2611,广发期货,5370,-905,0,0,5370,-905,0,905,0,0
FU,fu2611,申银万国,5073,-62,5621,-175,-548,113,0,62,0,175
FU,fu2611,浙商期货,4947,260,3570,-517,1377,777,260,0,0,517
FU,fu2611,中信建投,4545,67,4141,643,404,-576,67,0,643,0
FU,fu2611,瑞达期货,4528,-700,4290,-105,238,-595,0,700,0,105
FU,fu2611,上海中期,4493,-17,4492,16,1,-33,0,17,16,0
FU,fu2611,弘业期货,4040,-293,4033,-375,7,82,0,293,0,375
FU,fu2611,平安期货,3728,-255,0,0,3728,-255,0,255,0,0
FU,fu2611,西部期货,0,0,7942,-363,-7942,363,0,0,0,363
FU,fu2611,中银期货,0,0,5829,-1913,-5829,1913,0,0,0,1913
FU,fu2611,东方财富,0,0,4683,-260,-4683,260,0,0,0,260
FU,fu2611,五矿期货,0,0,3681,-3087,-3681,3087,0,0,0,3087
C,c2611,中信期货,140539,4111,71494,-8485,69045,12596,4111,0,0,8485
C,c2611,国泰君安,122531,4620,120072,4639,2459,-19,4620,0,4639,0
C,c2611,东证期货,73648,2091,59640,3301,14008,-1210,2091,0,3301,0
C,c2611,银河期货,52040,3801,84616,11638,-32576,-7837,3801,0,11638,0
C,c2611,永安期货,43691,950,0,0,43691,950,950,0,0,0
C,c2611,华泰期货,42022,1501,32599,-1245,9423,2746,1501,0,0,1245
C,c2611,中粮期货,38455,2070,74612,18984,-36157,-16914,2070,0,18984,0
C,c2611,中信建投,31137,-1160,35926,-129,-4789,-1031,0,1160,0,129
C,c2611,海通期货,29840,722,25450,1039,4390,-317,722,0,1039,0
C,c2611,申银万国,25333,539,27596,-726,-2263,1265,539,0,0,726
C,c2611,广发期货,20631,-481,18562,2788,2069,-3269,0,481,2788,0
C,c2611,中金财富,19935,2925,0,0,19935,2925,2925,0,0,0
C,c2611,兴证期货,18296,280,0,0,18296,280,280,0,0,0
C,c2611,平安期货,17893,1793,0,0,17893,1793,1793,0,0,0
C,c2611,国投安信,16960,-1514,40349,7316,-23389,-8830,0,1514,7316,0
C,c2611,方正中期,13643,-147,0,0,13643,-147,0,147,0,0
C,c2611,南华期货,11170,122,0,0,11170,122,122,0,0,0
C,c2611,格林大华,11146,-118,0,0,11146,-118,0,118,0,0
C,c2611,国富期货,10887,84,0,0,10887,84,84,0,0,0
C,c2611,国信期货,10716,1746,0,0,10716,1746,1746,0,0,0
C,c2611,瑞达期货,0,0,40223,11109,-40223,-11109,0,0,11109,0
C,c2611,浙商期货,0,0,34783,351,-34783,-351,0,0,351,0
C,c2611,中泰期货,0,0,31074,-40,-31074,40,0,0,0,40
C,c2611,国贸期货,0,0,27279,1698,-27279,-1698,0,0,1698,0
C,c2611,弘业期货,0,0,14952,-2137,-14952,2137,0,0,0,2137
C,c2611,五矿期货,0,0,14522,1799,-14522,-1799,0,0,1799,0
C,c2611,津投期货,0,0,14147,399,-14147,-399,0,0,399,0
C,c2611,金元期货,0,0,12821,-1369,-12821,1369,0,0,0,1369
C,c2611,光大期货,0,0,12525,-914,-12525,914,0,0,0,914
PR,pr2611,中信期货,5849,155,4956,162,893,-7,155,0,162,0
PR,pr2611,中信建投,4707,105,4425,138,282,-33,105,0,138,0
PR,pr2611,国投安信,3948,-71,3684,-40,264,-31,0,71,0,40
PR,pr2611,东证期货,3513,737,2086,168,1427,569,737,0,168,0
PR,pr2611,高盛期货,2701,516,0,0,2701,516,516,0,0,0
PR,pr2611,广发期货,2606,-3,3060,67,-454,-70,0,3,67,0
PR,pr2611,国泰君安,2115,-77,5028,169,-2913,-246,0,77,169,0
PR,pr2611,五矿期货,2053,19,2030,33,23,-14,19,0,33,0
PR,pr2611,华泰期货,1598,-276,472,-24,1126,-252,0,276,0,24
PR,pr2611,浙商期货,1402,31,2522,-86,-1120,117,31,0,0,86
PR,pr2611,申银万国,1270,-67,1779,-52,-509,-15,0,67,0,52
PR,pr2611,南华期货,1215,-5,1367,44,-152,-49,0,5,44,0
PR,pr2611,弘业期货,1143,-6,1195,-7,-52,1,0,6,0,7
PR,pr2611,国海良时,1137,-25,1135,-21,2,-4,0,25,0,21
PR,pr2611,国联期货,958,0,0,0,958,0,0,0,0,0
PR,pr2611,银河期货,691,-13,0,0,691,-13,0,13,0,0
PR,pr2611,中金财富,516,21,0,0,516,21,21,0,0,0
PR,pr2611,东海期货,496,2,0,0,496,2,2,0,0,0
PR,pr2611,海证期货,377,13,779,17,-402,-4,13,0,17,0
PR,pr2611,国信期货,318,17,633,-20,-315,37,17,0,0,20
PR,pr2611,国贸期货,0,0,1068,27,-1068,-27,0,0,27,0
PR,pr2611,大地期货,0,0,1053,180,-1053,-180,0,0,180,0
PR,pr2611,永安期货,0,0,499,25,-499,-25,0,0,25,0
PR,pr2611,中财期货,0,0,380,23,-380,-23,0,0,23,0
PR,pr2611,上海浙石,0,0,354,0,-354,0,0,0,0,0
FG,fg2701,国泰君安,132036,-6819,138433,-31526,-6397,24707,0,6819,0,31526
FG,fg2701,永安期货,123793,-1514,41709,698,82084,-2212,0,1514,698,0
FG,fg2701,东证期货,79217,18549,72625,-44859,6592,63408,18549,0,0,44859
FG,fg2701,中信期货,50820,-8166,142031,-8167,-91211,1,0,8166,0,8167
FG,fg2701,银河期货,44517,-12813,65799,-9119,-21282,-3694,0,12813,0,9119
FG,fg2701,广发期货,41162,-17014,20306,-4988,20856,-12026,0,17014,0,4988
FG,fg2701,华泰期货,40348,3994,37961,-13733,2387,17727,3994,0,0,13733
FG,fg2701,方正中期,37472,-8050,20496,4200,16976,-12250,0,8050,4200,0
FG,fg2701,中信建投,35689,-3501,46243,-135,-10554,-3366,0,3501,0,135
FG,fg2701,信达期货,30335,-2483,0,0,30335,-2483,0,2483,0,0
FG,fg2701,宝城期货,28804,1042,0,0,28804,1042,1042,0,0,0
FG,fg2701,徽商期货,28210,-4376,0,0,28210,-4376,0,4376,0,0
FG,fg2701,中泰期货,27327,-1509,0,0,27327,-1509,0,1509,0,0
FG,fg2701,光大期货,27207,-769,22806,524,4401,-1293,0,769,524,0
FG,fg2701,中辉期货,25959,-14704,20394,3653,5565,-18357,0,14704,3653,0
FG,fg2701,国信期货,24352,-5198,26615,1937,-2263,-7135,0,5198,1937,0
FG,fg2701,海通期货,21339,3618,0,0,21339,3618,3618,0,0,0
FG,fg2701,国投安信,18841,-2368,36517,-2116,-17676,-252,0,2368,0,2116
FG,fg2701,南华期货,17906,3627,0,0,17906,3627,3627,0,0,0
FG,fg2701,先锋期货,17201,12,0,0,17201,12,12,0,0,0
FG,fg2701,高盛期货,0,0,194722,3280,-194722,-3280,0,0,3280,0
FG,fg2701,中金财富,0,0,62883,-2882,-62883,2882,0,0,0,2882
FG,fg2701,瑞达期货,0,0,33799,-13198,-33799,13198,0,0,0,13198
FG,fg2701,平安期货,0,0,28233,5369,-28233,-5369,0,0,5369,0
FG,fg2701,五矿期货,0,0,27854,4274,-27854,-4274,0,0,4274,0
FG,fg2701,瑞银期货,0,0,27226,675,-27226,-675,0,0,675,0
FG,fg2701,建信期货,0,0,19634,16127,-19634,-16127,0,0,16127,0
LH,lh2611,国泰君安,16962,-801,21891,-844,-4929,43,0,801,0,844
LH,lh2611,中信期货,14430,-2161,17179,-2029,-2749,-132,0,2161,0,2029
LH,lh2611,中信建投,11580,281,10307,880,1273,-599,281,0,880,0
LH,lh2611,东证期货,8812,436,10118,133,-1306,303,436,0,133,0
LH,lh2611,海通期货,6297,-144,5022,-233,1275,89,0,144,0,233
LH,lh2611,银河期货,5610,-17,6964,346,-1354,-363,0,17,346,0
LH,lh2611,中粮期货,5434,336,3450,-11,1984,347,336,0,0,11
LH,lh2611,中泰期货,5401,-368,5092,408,309,-776,0,368,408,0
LH,lh2611,华泰期货,5131,869,5237,499,-106,370,869,0,499,0
LH,lh2611,国投安信,4451,50,6321,18,-1870,32,50,0,18,0
LH,lh2611,永安期货,4367,312,9277,0,-4910,312,312,0,0,0
LH,lh2611,招商期货,4314,194,4512,318,-198,-124,194,0,318,0
LH,lh2611,南华期货,4237,136,5813,-86,-1576,222,136,0,0,86
LH,lh2611,方正中期,3480,-465,0,0,3480,-465,0,465,0,0
LH,lh2611,东方财富,3457,-172,2387,6,1070,-178,0,172,6,0
LH,lh2611,广发期货,3400,-122,4015,54,-615,-176,0,122,54,0
LH,lh2611,长江期货,3183,285,2880,-40,303,325,285,0,0,40
LH,lh2611,徽商期货,3096,346,0,0,3096,346,346,0,0,0
LH,lh2611,光大期货,2762,-119,0,0,2762,-119,0,119,0,0
LH,lh2611,东吴期货,2595,-345,3181,-119,-586,-226,0,345,0,119
LH,lh2611,格林大华,0,0,5760,82,-5760,-82,0,0,82,0
LH,lh2611,国海良时,0,0,2973,27,-2973,-27,0,0,27,0
LH,lh2611,一德期货,0,0,2725,-189,-2725,189,0,0,0,189
MA,ma2610,中信期货,91122,9003,65651,-4568,25471,13571,9003,0,0,4568
MA,ma2610,国泰君安,74532,3783,56235,-2202,18297,5985,3783,0,0,2202
MA,ma2610,东证期货,57722,1425,47235,-4478,10487,5903,1425,0,0,4478
MA,ma2610,高盛期货,57595,-1609,0,0,57595,-1609,0,1609,0,0
MA,ma2610,海通期货,53374,1436,66050,970,-12676,466,1436,0,970,0
MA,ma2610,永安期货,52990,-4256,67533,2620,-14543,-6876,0,4256,2620,0
MA,ma2610,广发期货,46970,800,48545,402,-1575,398,800,0,402,0
MA,ma2610,招商期货,34430,559,34285,-287,145,846,559,0,0,287
MA,ma2610,南华期货,26361,-512,30169,128,-3808,-640,0,512,128,0
MA,ma2610,华西期货,25683,3,26012,480,-329,-477,3,0,480,0
MA,ma2610,申银万国,24726,-1601,27663,-5821,-2937,4220,0,1601,0,5821
MA,ma2610,浙商期货,24115,-11521,24027,-9785,88,-1736,0,11521,0,9785
MA,ma2610,中粮期货,22999,-3316,34448,-2883,-11449,-433,0,3316,0,2883
MA,ma2610,中信建投,21231,-2400,28575,-1263,-7344,-1137,0,2400,0,1263
MA,ma2610,东吴期货,16035,-81,0,0,16035,-81,0,81,0,0
MA,ma2610,华泰期货,15584,-133,14466,2759,1118,-2892,0,133,2759,0
MA,ma2610,中金财富,13619,1994,0,0,13619,1994,1994,0,0,0
MA,ma2610,银河期货,12419,831,14805,3723,-2386,-2892,831,0,3723,0
MA,ma2610,海证期货,10663,4006,0,0,10663,4006,4006,0,0,0
MA,ma2610,方正中期,10163,-1689,13991,2466,-3828,-4155,0,1689,2466,0
MA,ma2610,宁证期货,0,0,14504,-98,-14504,98,0,0,0,98
MA,ma2610,新湖期货,0,0,12553,2620,-12553,-2620,0,0,2620,0
MA,ma2610,东海期货,0,0,11333,707,-11333,-707,0,0,707,0
MA,ma2610,中泰期货,0,0,10634,265,-10634,-265,0,0,265,0
SR,sr2701,东证期货,38097,-1071,37690,3511,407,-4582,0,1071,3511,0
SR,sr2701,中信期货,34520,128,81365,2400,-46845,-2272,128,0,2400,0
SR,sr2701,国泰君安,29384,-166,31658,-730,-2274,564,0,166,0,730
SR,sr2701,中粮期货,24187,220,58313,1165,-34126,-945,220,0,1165,0
SR,sr2701,银河期货,19530,-213,19271,-1200,259,987,0,213,0,1200
SR,sr2701,国投安信,18080,574,8985,-138,9095,712,574,0,0,138
SR,sr2701,创元期货,15484,436,13323,-86,2161,522,436,0,0,86
SR,sr2701,徽商期货,15351,1461,0,0,15351,1461,1461,0,0,0
SR,sr2701,西部期货,14163,329,0,0,14163,329,329,0,0,0
SR,sr2701,华泰期货,14075,-1302,32660,-100,-18585,-1202,0,1302,0,100
SR,sr2701,平安期货,13581,1176,0,0,13581,1176,1176,0,0,0
SR,sr2701,宏源期货,13553,100,9532,920,4021,-820,100,0,920,0
SR,sr2701,广发期货,13527,1377,0,0,13527,1377,1377,0,0,0
SR,sr2701,中信建投,13276,244,11309,-516,1967,760,244,0,0,516
SR,sr2701,永安期货,12439,-127,11975,1165,464,-1292,0,127,1165,0
SR,sr2701,海证期货,11114,-899,6519,-250,4595,-649,0,899,0,250
SR,sr2701,中辉期货,10652,289,0,0,10652,289,289,0,0,0
SR,sr2701,光大期货,8540,1200,16247,67,-7707,1133,1200,0,67,0
SR,sr2701,民生期货,8283,738,0,0,8283,738,738,0,0,0
SR,sr2701,方正中期,7985,871,0,0,7985,871,871,0,0,0
SR,sr2701,高盛期货,0,0,42072,1545,-42072,-1545,0,0,1545,0
SR,sr2701,瑞达期货,0,0,19199,1613,-19199,-1613,0,0,1613,0
SR,sr2701,中金财富,0,0,18183,-39,-18183,39,0,0,0,39
SR,sr2701,浙商期货,0,0,11534,-65,-11534,65,0,0,0,65
SR,sr2701,华融融达,0,0,11521,177,-11521,-177,0,0,177,0
SR,sr2701,一德期货,0,0,8803,442,-8803,-442,0,0,442,0
SR,sr2701,华金期货,0,0,6991,1254,-6991,-1254,0,0,1254,0
PF,pf2610,中信期货,23610,-1993,22714,1521,896,-3514,0,1993,1521,0
PF,pf2610,高盛期货,18160,-1161,0,0,18160,-1161,0,1161,0,0
PF,pf2610,国泰君安,14147,-594,29366,51,-15219,-645,0,594,51,0
PF,pf2610,东证期货,13053,-3025,9997,-1823,3056,-1202,0,3025,0,1823
PF,pf2610,广发期货,11330,-13,8189,-315,3141,302,0,13,0,315
PF,pf2610,国投安信,8089,-374,6778,-41,1311,-333,0,374,0,41
PF,pf2610,华泰期货,7268,-140,0,0,7268,-140,0,140,0,0
PF,pf2610,五矿期货,6723,-395,6427,-487,296,92,0,395,0,487
PF,pf2610,摩根大通,6221,-411,0,0,6221,-411,0,411,0,0
PF,pf2610,长江期货,6209,-56,6741,-109,-532,53,0,56,0,109
PF,pf2610,银河期货,6208,-208,4299,-418,1909,210,0,208,0,418
PF,pf2610,浙商期货,6006,-342,5150,-1485,856,1143,0,342,0,1485
PF,pf2610,永安期货,5927,155,7771,-50,-1844,205,155,0,0,50
PF,pf2610,中金财富,5672,-253,0,0,5672,-253,0,253,0,0
PF,pf2610,中粮期货,5419,-47,6785,-17,-1366,-30,0,47,0,17
PF,pf2610,方正中期,5339,-559,4870,-190,469,-369,0,559,0,190
PF,pf2610,南华期货,5032,165,11374,-712,-6342,877,165,0,0,712
PF,pf2610,平安期货,3850,136,3415,8,435,128,136,0,8,0
PF,pf2610,国信期货,2241,318,0,0,2241,318,318,0,0,0
PF,pf2610,招商期货,2105,479,0,0,2105,479,479,0,0,0
PF,pf2610,国贸期货,0,0,14614,-605,-14614,605,0,0,0,605
PF,pf2610,弘业期货,0,0,4743,-146,-4743,146,0,0,0,146
PF,pf2610,中信建投,0,0,4324,29,-4324,-29,0,0,29,0
PF,pf2610,中电投先融,0,0,2804,-3,-2804,3,0,0,0,3
PF,pf2610,东吴期货,0,0,2602,-346,-2602,346,0,0,0,346
PF,pf2610,中泰期货,0,0,2474,-164,-2474,164,0,0,0,164
SF,sf2611,中信期货,49477,1781,61773,262,-12296,1519,1781,0,262,0
SF,sf2611,东证期货,35616,2874,34279,2993,1337,-119,2874,0,2993,0
SF,sf2611,国泰君安,35339,503,42617,1331,-7278,-828,503,0,1331,0
SF,sf2611,高盛期货,29481,84,0,0,29481,84,84,0,0,0
SF,sf2611,华泰期货,19846,-269,19787,97,59,-366,0,269,97,0
SF,sf2611,中金财富,17043,764,0,0,17043,764,764,0,0,0
SF,sf2611,中信建投,14524,239,10530,135,3994,104,239,0,135,0
SF,sf2611,银河期货,13973,402,11385,-303,2588,705,402,0,0,303
SF,sf2611,广发期货,12247,212,13418,874,-1171,-662,212,0,874,0
SF,sf2611,海通期货,11589,22,9797,-1087,1792,1109,22,0,0,1087
SF,sf2611,五矿期货,11223,4541,21543,4789,-10320,-248,4541,0,4789,0
SF,sf2611,永安期货,10898,173,14946,273,-4048,-100,173,0,273,0
SF,sf2611,浙商期货,9704,52,13347,218,-3643,-166,52,0,218,0
SF,sf2611,申银万国,9003,172,10174,324,-1171,-152,172,0,324,0
SF,sf2611,平安期货,8730,-236,0,0,8730,-236,0,236,0,0
SF,sf2611,南华期货,7146,-13,7525,63,-379,-76,0,13,63,0
SF,sf2611,新湖期货,6444,2644,0,0,6444,2644,2644,0,0,0
SF,sf2611,中粮期货,6257,-316,9614,-877,-3357,561,0,316,0,877
SF,sf2611,国信期货,6152,-446,0,0,6152,-446,0,446,0,0
SF,sf2611,锦泰期货,6074,-13,0,0,6074,-13,0,13,0,0
SF,sf2611,中财期货,0,0,12257,1867,-12257,-1867,0,0,1867,0
SF,sf2611,中泰期货,0,0,9835,-390,-9835,390,0,0,0,390
SF,sf2611,创元期货,0,0,9064,469,-9064,-469,0,0,469,0
SF,sf2611,宝城期货,0,0,8052,327,-8052,-327,0,0,327,0
SF,sf2611,东海期货,0,0,7630,111,-7630,-111,0,0,111,0
SF,sf2611,紫金天风,0,0,6989,183,-6989,-183,0,0,183,0
LC,lc2701,国泰君安,44022,-1392,26862,145,17160,-1537,0,1392,145,0
LC,lc2701,中信期货,42167,462,41274,398,893,64,462,0,398,0
LC,lc2701,永安期货,21829,669,16938,850,4891,-181,669,0,850,0
LC,lc2701,银河期货,16870,117,24403,702,-7533,-585,117,0,702,0
LC,lc2701,东证期货,15292,933,33830,1597,-18538,-664,933,0,1597,0
LC,lc2701,华泰期货,10232,475,16761,-104,-6529,579,475,0,0,104
LC,lc2701,中信建投,8876,-240,12360,-40,-3484,-200,0,240,0,40
LC,lc2701,中泰期货,8302,224,0,0,8302,224,224,0,0,0
LC,lc2701,浙商期货,8018,-64,7604,-359,414,295,0,64,0,359
LC,lc2701,广发期货,7952,463,11734,550,-3782,-87,463,0,550,0
LC,lc2701,海通期货,7539,-35,4773,-16,2766,-19,0,35,0,16
LC,lc2701,方正中期,6563,1216,4616,-185,1947,1401,1216,0,0,185
LC,lc2701,国投安信,5001,5,8532,341,-3531,-336,5,0,341,0
LC,lc2701,中粮期货,4761,207,9461,-149,-4700,356,207,0,0,149
LC,lc2701,五矿期货,4392,373,13534,213,-9142,160,373,0,213,0
LC,lc2701,华闻期货,4205,-70,0,0,4205,-70,0,70,0,0
LC,lc2701,瑞达期货,3856,-645,9746,756,-5890,-1401,0,645,756,0
LC,lc2701,国联期货,3800,-171,0,0,3800,-171,0,171,0,0
LC,lc2701,东海期货,3489,78,0,0,3489,78,78,0,0,0
LC,lc2701,申银万国,3352,64,0,0,3352,64,64,0,0,0
LC,lc2701,国贸期货,0,0,9166,42,-9166,-42,0,0,42,0
LC,lc2701,南华期货,0,0,7233,7,-7233,-7,0,0,7,0
LC,lc2701,盛达期货,0,0,5729,76,-5729,-76,0,0,76,0
LC,lc2701,宝城期货,0,0,5444,267,-5444,-267,0,0,267,0
LC,lc2701,海证期货,0,0,4695,-37,-4695,37,0,0,0,37
CJ,cj2701,国泰君安,6545,37,19474,1633,-12929,-1596,37,0,1633,0
CJ,cj2701,银河期货,6150,794,5725,-29,425,823,794,0,0,29
CJ,cj2701,徽商期货,5313,421,0,0,5313,421,421,0,0,0
CJ,cj2701,中信期货,5108,-350,8635,676,-3527,-1026,0,350,676,0
CJ,cj2701,中泰期货,4477,-330,3211,529,1266,-859,0,330,529,0
CJ,cj2701,中信建投,3950,370,0,0,3950,370,370,0,0,0
CJ,cj2701,永安期货,3717,418,2481,-141,1236,559,418,0,0,141
CJ,cj2701,瑞达期货,3628,225,5032,734,-1404,-509,225,0,734,0
CJ,cj2701,东方财富,3609,611,0,0,3609,611,611,0,0,0
CJ,cj2701,方正中期,3590,624,0,0,3590,624,624,0,0,0
CJ,cj2701,东证期货,3577,-774,9609,1578,-6032,-2352,0,774,1578,0
CJ,cj2701,广发期货,3409,206,3073,290,336,-84,206,0,290,0
CJ,cj2701,华泰期货,3363,162,4099,772,-736,-610,162,0,772,0
CJ,cj2701,创元期货,2718,314,2872,-48,-154,362,314,0,0,48
CJ,cj2701,中辉期货,2624,279,3713,-262,-1089,541,279,0,0,262
CJ,cj2701,浙商期货,2618,216,0,0,2618,216,216,0,0,0
CJ,cj2701,中粮期货,2572,297,0,0,2572,297,297,0,0,0
CJ,cj2701,平安期货,2517,263,0,0,2517,263,263,0,0,0
CJ,cj2701,大地期货,2474,424,3573,350,-1099,74,424,0,350,0
CJ,cj2701,国信期货,2439,28,2299,-130,140,158,28,0,0,130
CJ,cj2701,一德期货,0,0,5217,-126,-5217,126,0,0,0,126
CJ,cj2701,国投安信,0,0,5213,197,-5213,-197,0,0,197,0
CJ,cj2701,中金财富,0,0,3796,536,-3796,-536,0,0,536,0
CJ,cj2701,宏源期货,0,0,3358,-100,-3358,100,0,0,0,100
CJ,cj2701,国联期货,0,0,3252,528,-3252,-528,0,0,528,0
CJ,cj2701,海通期货,0,0,2605,336,-2605,-336,0,0,336,0
CJ,cj2701,海证期货,0,0,2250,112,-2250,-112,0,0,112,0
BZ,bz2610,国泰君安,4358,439,5129,696,-771,-257,439,0,696,0
BZ,bz2610,中信期货,1992,79,1595,59,397,20,79,0,59,0
BZ,bz2610,广发期货,1879,65,1890,54,-11,11,65,0,54,0
BZ,bz2610,中信建投,1852,-11,1072,-53,780,42,0,11,0,53
BZ,bz2610,申银万国,1688,28,1448,9,240,19,28,0,9,0
BZ,bz2610,国投安信,1682,94,2011,138,-329,-44,94,0,138,0
BZ,bz2610,中泰期货,1073,67,1142,7,-69,60,67,0,7,0
BZ,bz2610,招商期货,1048,-18,1041,40,7,-58,0,18,40,0
BZ,bz2610,华泰期货,975,-44,874,45,101,-89,0,44,45,0
BZ,bz2610,永安期货,769,561,0,0,769,561,561,0,0,0
BZ,bz2610,东证期货,692,33,497,53,195,-20,33,0,53,0
BZ,bz2610,浙商期货,680,121,244,-293,436,414,121,0,0,293
BZ,bz2610,创元期货,446,75,357,70,89,5,75,0,70,0
BZ,bz2610,南华期货,406,39,392,45,14,-6,39,0,45,0
BZ,bz2610,弘业期货,273,70,0,0,273,70,70,0,0,0
BZ,bz2610,东亚期货,254,1,0,0,254,1,1,0,0,0
BZ,bz2610,国贸期货,229,-21,0,0,229,-21,0,21,0,0
BZ,bz2610,宏源期货,225,-16,1266,262,-1041,-278,0,16,262,0
BZ,bz2610,物产中大,223,100,0,0,223,100,100,0,0,0
BZ,bz2610,银河期货,203,-4,199,132,4,-136,0,4,132,0
BZ,bz2610,紫金天风,0,0,419,39,-419,-39,0,0,39,0
BZ,bz2610,方正中期,0,0,418,153,-418,-153,0,0,153,0
BZ,bz2610,一德期货,0,0,255,2,-255,-2,0,0,2,0
BZ,bz2610,冠通期货,0,0,215,0,-215,0,0,0,0,0
BZ,bz2610,国信期货,0,0,207,67,-207,-67,0,0,67,0
SP,sp2611,国泰君安,32661,-123,21774,145,10887,-268,0,123,145,0
SP,sp2611,中信期货,16375,-629,30910,-526,-14535,-103,0,629,0,526
SP,sp2611,华泰期货,13070,-1200,10952,-1029,2118,-171,0,1200,0,1029
SP,sp2611,银河期货,12146,-37,13687,1447,-1541,-1484,0,37,1447,0
SP,sp2611,东证期货,11582,-14,14434,-813,-2852,799,0,14,0,813
SP,sp2611,永安期货,8038,-3165,12246,-502,-4208,-2663,0,3165,0,502
SP,sp2611,海通期货,7936,829,8821,714,-885,115,829,0,714,0
SP,sp2611,中粮期货,7458,-295,4640,59,2818,-354,0,295,59,0
SP,sp2611,中信建投,7395,-1061,0,0,7395,-1061,0,1061,0,0
SP,sp2611,长江期货,6103,292,5863,136,240,156,292,0,136,0
SP,sp2611,宏源期货,5975,250,6167,-226,-192,476,250,0,0,226
SP,sp2611,弘业期货,5552,-71,4776,40,776,-111,0,71,40,0
SP,sp2611,国元期货,5176,-399,5646,-705,-470,306,0,399,0,705
SP,sp2611,光大期货,5155,323,0,0,5155,323,323,0,0,0
SP,sp2611,广发期货,4524,110,4184,-112,340,222,110,0,0,112
SP,sp2611,南华期货,4512,-254,0,0,4512,-254,0,254,0,0
SP,sp2611,新湖期货,4278,142,0,0,4278,142,142,0,0,0
SP,sp2611,上海中期,4134,-13,4165,-114,-31,101,0,13,0,114
SP,sp2611,中泰期货,3812,23,0,0,3812,23,23,0,0,0
SP,sp2611,瑞达期货,3788,38,9771,-785,-5983,823,38,0,0,785
SP,sp2611,高盛期货,0,0,15706,-357,-15706,357,0,0,0,357
SP,sp2611,中金财富,0,0,9198,-907,-9198,907,0,0,0,907
SP,sp2611,浙商期货,0,0,6094,362,-6094,-362,0,0,362,0
SP,sp2611,国贸期货,0,0,4378,147,-4378,-147,0,0,147,0
SP,sp2611,国信期货,0,0,3597,-142,-3597,142,0,0,0,142
SA,sa2701,国泰君安,67218,1023,92404,3822,-25186,-2799,1023,0,3822,0
SA,sa2701,东证期货,56318,11620,60403,-3790,-4085,15410,11620,0,0,3790
SA,sa2701,方正中期,41516,-33,13963,1885,27553,-1918,0,33,1885,0
SA,sa2701,中信期货,39128,987,89336,-4725,-50208,5712,987,0,0,4725
SA,sa2701,中泰期货,27987,3474,24404,-3096,3583,6570,3474,0,0,3096
SA,sa2701,申银万国,27724,694,0,0,27724,694,694,0,0,0
SA,sa2701,先锋期货,25214,640,0,0,25214,640,640,0,0,0
SA,sa2701,国元期货,25029,166,0,0,25029,166,166,0,0,0
SA,sa2701,银河期货,24949,336,32798,188,-7849,148,336,0,188,0
SA,sa2701,国海良时,24668,-553,0,0,24668,-553,0,553,0,0
SA,sa2701,永安期货,24568,-523,45197,868,-20629,-1391,0,523,868,0
SA,sa2701,信达期货,24028,-1512,0,0,24028,-1512,0,1512,0,0
SA,sa2701,徽商期货,20694,-1181,0,0,20694,-1181,0,1181,0,0
SA,sa2701,中辉期货,20321,-840,17124,5415,3197,-6255,0,840,5415,0
SA,sa2701,广发期货,19259,-2473,19582,2031,-323,-4504,0,2473,2031,0
SA,sa2701,华泰期货,16606,-2329,43055,-1624,-26449,-705,0,2329,0,1624
SA,sa2701,广州金控,16348,1633,0,0,16348,1633,1633,0,0,0
SA,sa2701,东吴期货,16118,1261,13985,-1978,2133,3239,1261,0,0,1978
SA,sa2701,中信建投,16045,-4707,22671,3826,-6626,-8533,0,4707,3826,0
SA,sa2701,国投安信,15590,-403,30644,-2546,-15054,2143,0,403,0,2546
SA,sa2701,高盛期货,0,0,41724,-2871,-41724,2871,0,0,0,2871
SA,sa2701,中金财富,0,0,35014,-6138,-35014,6138,0,0,0,6138
SA,sa2701,瑞达期货,0,0,26184,-4869,-26184,4869,0,0,0,4869
SA,sa2701,国信期货,0,0,20040,2792,-20040,-2792,0,0,2792,0
SA,sa2701,五矿期货,0,0,17728,-1236,-17728,1236,0,0,0,1236
SA,sa2701,招商期货,0,0,17094,-899,-17094,899,0,0,0,899
SA,sa2701,平安期货,0,0,14975,312,-14975,-312,0,0,312,0
PK,pk2611,国泰君安,21388,-1153,20647,-690,741,-463,0,1153,0,690
PK,pk2611,中信建投,14479,3727,15536,3516,-1057,211,3727,0,3516,0
PK,pk2611,中信期货,12823,-2454,25056,975,-12233,-3429,0,2454,975,0
PK,pk2611,东证期货,12129,-997,7115,-109,5014,-888,0,997,0,109
PK,pk2611,中粮期货,10114,68,6203,32,3911,36,68,0,32,0
PK,pk2611,广发期货,9227,61,12094,1701,-2867,-1640,61,0,1701,0
PK,pk2611,永安期货,8928,-165,6561,-154,2367,-11,0,165,0,154
PK,pk2611,国投安信,8874,-69,9874,-1915,-1000,1846,0,69,0,1915
PK,pk2611,弘业期货,7681,16,5225,-6,2456,22,16,0,0,6
PK,pk2611,银河期货,6971,-794,4319,-140,2652,-654,0,794,0,140
PK,pk2611,申银万国,6948,-101,5381,-97,1567,-4,0,101,0,97
PK,pk2611,浙商期货,6299,-61,5716,52,583,-113,0,61,52,0
PK,pk2611,长江期货,5415,27,5373,-37,42,64,27,0,0,37
PK,pk2611,中泰期货,5308,-136,0,0,5308,-136,0,136,0,0
PK,pk2611,高盛期货,4404,435,7488,-1366,-3084,1801,435,0,0,1366
PK,pk2611,创元期货,4190,-182,0,0,4190,-182,0,182,0,0
PK,pk2611,一德期货,4085,-185,0,0,4085,-185,0,185,0,0
PK,pk2611,国金期货,3411,-770,0,0,3411,-770,0,770,0,0
PK,pk2611,摩根大通,3248,964,6411,935,-3163,29,964,0,935,0
PK,pk2611,瑞达期货,2884,163,0,0,2884,163,163,0,0,0
PK,pk2611,中金财富,0,0,7458,50,-7458,-50,0,0,50,0
PK,pk2611,华泰期货,0,0,5993,-425,-5993,425,0,0,0,425
PK,pk2611,国信期货,0,0,3999,-42,-3999,42,0,0,0,42
PK,pk2611,东吴期货,0,0,3635,-95,-3635,95,0,0,0,95
PK,pk2611,方正中期,0,0,2940,240,-2940,-240,0,0,240,0
EB,eb2610,国泰君安,36684,-2205,71627,4263,-34943,-6468,0,2205,4263,0
EB,eb2610,中信期货,26732,2815,14734,-1428,11998,4243,2815,0,0,1428
EB,eb2610,华泰期货,25980,223,18123,-201,7857,424,223,0,0,201
EB,eb2610,东证期货,17602,2528,12326,-2149,5276,4677,2528,0,0,2149
EB,eb2610,中信建投,14606,-484,21328,339,-6722,-823,0,484,339,0
EB,eb2610,国投安信,13146,231,11781,625,1365,-394,231,0,625,0
EB,eb2610,海通期货,11906,1491,10033,92,1873,1399,1491,0,92,0
EB,eb2610,永安期货,11633,1513,14091,677,-2458,836,1513,0,677,0
EB,eb2610,高盛期货,10951,-700,0,0,10951,-700,0,700,0,0
EB,eb2610,中金财富,9577,1322,0,0,9577,1322,1322,0,0,0
EB,eb2610,银河期货,8937,1675,4906,62,4031,1613,1675,0,62,0
EB,eb2610,瑞银期货,8580,5,0,0,8580,5,5,0,0,0
EB,eb2610,中粮期货,6927,-2062,7902,-2166,-975,104,0,2062,0,2166
EB,eb2610,方正中期,5248,277,2970,1157,2278,-880,277,0,1157,0
EB,eb2610,瑞达期货,5193,-241,4925,-46,268,-195,0,241,0,46
EB,eb2610,浙商期货,4664,-180,6442,579,-1778,-759,0,180,579,0
EB,eb2610,光大期货,4442,1060,0,0,4442,1060,1060,0,0,0
EB,eb2610,平安期货,4441,314,0,0,4441,314,314,0,0,0
EB,eb2610,广发期货,4425,473,4506,363,-81,110,473,0,363,0
EB,eb2610,中泰期货,4315,-86,5829,713,-1514,-799,0,86,713,0
EB,eb2610,南华期货,0,0,5212,265,-5212,-265,0,0,265,0
EB,eb2610,国联期货,0,0,4553,-517,-4553,517,0,0,0,517
EB,eb2610,创元期货,0,0,4514,39,-4514,-39,0,0,39,0
EB,eb2610,宏源期货,0,0,3644,-750,-3644,750,0,0,0,750
EB,eb2610,徽商期货,0,0,3463,409,-3463,-409,0,0,409,0
OI,oi2611,中信期货,42499,1316,22034,-657,20465,1973,1316,0,0,657
OI,oi2611,中信建投,26289,106,29127,688,-2838,-582,106,0,688,0
OI,oi2611,摩根大通,26254,-254,0,0,26254,-254,0,254,0,0
OI,oi2611,华泰期货,19318,577,20396,213,-1078,364,577,0,213,0
OI,oi2611,五矿期货,18727,513,17821,-197,906,710,513,0,0,197
OI,oi2611,国投安信,15642,739,31862,834,-16220,-95,739,0,834,0
OI,oi2611,国泰君安,15433,713,13040,-9,2393,722,713,0,0,9
OI,oi2611,长江期货,14206,-40,13692,-66,514,26,0,40,0,66
OI,oi2611,中泰期货,13812,240,14577,-60,-765,300,240,0,0,60
OI,oi2611,浙商期货,13810,683,20336,2440,-6526,-1757,683,0,2440,0
OI,oi2611,东证期货,13796,868,7372,763,6424,105,868,0,763,0
OI,oi2611,中粮期货,11983,413,39903,5435,-27920,-5022,413,0,5435,0
OI,oi2611,南华期货,11598,43,11982,257,-384,-214,43,0,257,0
OI,oi2611,中金财富,9185,-36,0,0,9185,-36,0,36,0,0
OI,oi2611,高盛期货,7781,-488,0,0,7781,-488,0,488,0,0
OI,oi2611,广发期货,6946,493,6726,469,220,24,493,0,469,0
OI,oi2611,银河期货,5412,84,7567,721,-2155,-637,84,0,721,0
OI,oi2611,平安期货,4422,545,0,0,4422,545,545,0,0,0
OI,oi2611,瑞银期货,4201,-8,0,0,4201,-8,0,8,0,0
OI,oi2611,海通期货,3997,806,0,0,3997,806,806,0,0,0
OI,oi2611,一德期货,0,0,5544,33,-5544,-33,0,0,33,0
OI,oi2611,金瑞期货,0,0,5126,178,-5126,-178,0,0,178,0
OI,oi2611,财信期货,0,0,4632,151,-4632,-151,0,0,151,0
OI,oi2611,建信期货,0,0,3616,392,-3616,-392,0,0,392,0
OI,oi2611,方正中期,0,0,3049,542,-3049,-542,0,0,542,0
OI,oi2611,海证期货,0,0,3037,1,-3037,-1,0,0,1,0
AP,ap2610,国泰君安,13107,-8,11338,437,1769,-445,0,8,437,0
AP,ap2610,中信期货,12433,-631,6220,682,6213,-1313,0,631,682,0
AP,ap2610,东证期货,7086,-1226,4313,-138,2773,-1088,0,1226,0,138
AP,ap2610,银河期货,5400,-725,3063,-149,2337,-576,0,725,0,149
AP,ap2610,华泰期货,4429,-162,2800,296,1629,-458,0,162,296,0
AP,ap2610,海通期货,3311,998,3063,209,248,789,998,0,209,0
AP,ap2610,广发期货,3296,173,2703,165,593,8,173,0,165,0
AP,ap2610,中信建投,2684,-432,0,0,2684,-432,0,432,0,0
AP,ap2610,中金财富,2573,-96,0,0,2573,-96,0,96,0,0
AP,ap2610,永安期货,2460,63,1633,-68,827,131,63,0,0,68
AP,ap2610,国投安信,2318,-219,2018,53,300,-272,0,219,53,0
AP,ap2610,平安期货,2033,-223,0,0,2033,-223,0,223,0,0
AP,ap2610,招商期货,1968,-188,0,0,1968,-188,0,188,0,0
AP,ap2610,国信期货,1958,-193,1890,-180,68,-13,0,193,0,180
AP,ap2610,方正中期,1909,-156,1683,-87,226,-69,0,156,0,87
AP,ap2610,华闻期货,1714,264,0,0,1714,264,264,0,0,0
AP,ap2610,浙商期货,1690,52,3847,-146,-2157,198,52,0,0,146
AP,ap2610,兴证期货,1646,168,0,0,1646,168,168,0,0,0
AP,ap2610,光大期货,1575,-278,0,0,1575,-278,0,278,0,0
AP,ap2610,创元期货,1536,-130,2964,90,-1428,-220,0,130,90,0
AP,ap2610,宏源期货,0,0,3652,-61,-3652,61,0,0,0,61
AP,ap2610,一德期货,0,0,2793,2,-2793,-2,0,0,2,0
AP,ap2610,中泰期货,0,0,2459,-408,-2459,408,0,0,0,408
AP,ap2610,海证期货,0,0,2429,-63,-2429,63,0,0,0,63
AP,ap2610,中财期货,0,0,1983,-272,-1983,272,0,0,0,272
AP,ap2610,先锋期货,0,0,1498,-8,-1498,8,0,0,0,8
AP,ap2610,紫金天风,0,0,1418,-225,-1418,225,0,0,0,225
RM,rm2611,东证期货,52021,4415,55901,13314,-3880,-8899,4415,0,13314,0
RM,rm2611,中信期货,47952,-672,55677,875,-7725,-1547,0,672,875,0
RM,rm2611,广发期货,36592,-681,49779,-145,-13187,-536,0,681,0,145
RM,rm2611,银河期货,35833,3286,31531,212,4302,3074,3286,0,212,0
RM,rm2611,华泰期货,35265,608,28973,148,6292,460,608,0,148,0
RM,rm2611,海通期货,34919,-699,24595,-266,10324,-433,0,699,0,266
RM,rm2611,永安期货,30222,-613,26640,-5,3582,-608,0,613,0,5
RM,rm2611,五矿期货,26458,-1312,24199,-1191,2259,-121,0,1312,0,1191
RM,rm2611,国泰君安,23461,66,37073,463,-13612,-397,66,0,463,0
RM,rm2611,招商期货,22457,-261,22709,303,-252,-564,0,261,303,0
RM,rm2611,瑞达期货,21945,278,23838,-230,-1893,508,278,0,0,230
RM,rm2611,浙商期货,21161,-788,22310,1041,-1149,-1829,0,788,1041,0
RM,rm2611,锦泰期货,20849,448,20009,10,840,438,448,0,10,0
RM,rm2611,高盛期货,12235,1487,9328,-7786,2907,9273,1487,0,0,7786
RM,rm2611,中粮期货,10358,436,21590,1675,-11232,-1239,436,0,1675,0
RM,rm2611,中融汇信,10062,266,0,0,10062,266,266,0,0,0
RM,rm2611,华创期货,8504,5,0,0,8504,5,5,0,0,0
RM,rm2611,方正中期,8151,-551,0,0,8151,-551,0,551,0,0
RM,rm2611,中信建投,7129,270,0,0,7129,270,270,0,0,0
RM,rm2611,中泰期货,7043,797,0,0,7043,797,797,0,0,0
RM,rm2611,瑞银期货,0,0,28684,0,-28684,0,0,0,0,0
RM,rm2611,海证期货,0,0,13806,-1563,-13806,1563,0,0,0,1563
RM,rm2611,正信期货,0,0,10894,-42,-10894,42,0,0,0,42
RM,rm2611,创元期货,0,0,6886,-14,-6886,14,0,0,0,14
RM,rm2611,中金财富,0,0,6236,768,-6236,-768,0,0,768,0
RB,rb2610,国泰君安,203461,-6720,175535,-7453,27926,733,0,6720,0,7453
RB,rb2610,中信期货,145060,-10534,164388,-8032,-19328,-2502,0,10534,0,8032
RB,rb2610,永安期货,96970,-3669,78405,-1650,18565,-2019,0,3669,0,1650
RB,rb2610,东证期货,86252,1745,110405,-2196,-24153,3941,1745,0,0,2196
RB,rb2610,方正中期,72451,-4887,46117,-5183,26334,296,0,4887,0,5183
RB,rb2610,银河期货,63872,-4986,78317,2276,-14445,-7262,0,4986,2276,0
RB,rb2610,华泰期货,61833,-2324,73539,-171,-11706,-2153,0,2324,0,171
RB,rb2610,瑞达期货,44658,-1454,49413,-991,-4755,-463,0,1454,0,991
RB,rb2610,中辉期货,41094,35,35805,-47,5289,82,35,0,0,47
RB,rb2610,中信建投,38905,-2700,0,0,38905,-2700,0,2700,0,0
RB,rb2610,五矿期货,34670,-1639,0,0,34670,-1639,0,1639,0,0
RB,rb2610,中泰期货,31400,327,44982,7075,-13582,-6748,327,0,7075,0
RB,rb2610,申银万国,30803,392,0,0,30803,392,392,0,0,0
RB,rb2610,物产中大,29737,-339,0,0,29737,-339,0,339,0,0
RB,rb2610,徽商期货,28797,-914,0,0,28797,-914,0,914,0,0
RB,rb2610,国贸期货,28588,-1199,0,0,28588,-1199,0,1199,0,0
RB,rb2610,一德期货,26199,-900,23380,-650,2819,-250,0,900,0,650
RB,rb2610,海通期货,24702,-263,0,0,24702,-263,0,263,0,0
RB,rb2610,南华期货,24602,-4330,0,0,24602,-4330,0,4330,0,0
RB,rb2610,国投安信,24387,-241,50986,-218,-26599,-23,0,241,0,218
RB,rb2610,高盛期货,0,0,118783,-20993,-118783,20993,0,0,0,20993
RB,rb2610,光大期货,0,0,52289,3344,-52289,-3344,0,0,3344,0
RB,rb2610,中金财富,0,0,51640,-15857,-51640,15857,0,0,0,15857
RB,rb2610,瑞银期货,0,0,45258,-3124,-45258,3124,0,0,0,3124
RB,rb2610,信达期货,0,0,38345,-1969,-38345,1969,0,0,0,1969
RB,rb2610,东海期货,0,0,30746,-210,-30746,210,0,0,0,210
RB,rb2610,广发期货,0,0,25424,-204,-25424,204,0,0,0,204
RB,rb2610,浙商期货,0,0,21585,-3070,-21585,3070,0,0,0,3070
A,a2611,中信期货,44183,2030,36210,-3047,7973,5077,2030,0,0,3047
A,a2611,国泰君安,32354,1419,24815,-1598,7539,3017,1419,0,0,1598
A,a2611,东证期货,31232,3748,20990,-4,10242,3752,3748,0,0,4
A,a2611,海通期货,21776,-1222,18378,-2,3398,-1220,0,1222,0,2
A,a2611,摩根大通,19887,618,0,0,19887,618,618,0,0,0
A,a2611,广发期货,14461,1022,17505,-60,-3044,1082,1022,0,0,60
A,a2611,华泰期货,13441,1992,10874,-675,2567,2667,1992,0,0,675
A,a2611,申银万国,11439,198,11222,-83,217,281,198,0,0,83
A,a2611,中信建投,11125,253,12544,36,-1419,217,253,0,36,0
A,a2611,银河期货,9931,-1462,38613,5870,-28682,-7332,0,1462,5870,0
A,a2611,创元期货,9581,438,4997,-2461,4584,2899,438,0,0,2461
A,a2611,中泰期货,8637,211,12273,210,-3636,1,211,0,210,0
A,a2611,华闻期货,7594,206,0,0,7594,206,206,0,0,0
A,a2611,高盛期货,7588,-1209,8847,247,-1259,-1456,0,1209,247,0
A,a2611,国信期货,5774,-2,0,0,5774,-2,0,2,0,0
A,a2611,东吴期货,5293,477,0,0,5293,477,477,0,0,0
A,a2611,平安期货,4944,1031,0,0,4944,1031,1031,0,0,0
A,a2611,中财期货,4910,1111,0,0,4910,1111,1111,0,0,0
A,a2611,中粮期货,4408,74,8768,412,-4360,-338,74,0,412,0
A,a2611,盛达期货,4408,144,0,0,4408,144,144,0,0,0
A,a2611,永安期货,0,0,19587,3789,-19587,-3789,0,0,3789,0
A,a2611,南华期货,0,0,18580,6700,-18580,-6700,0,0,6700,0
A,a2611,北京首创,0,0,9540,2710,-9540,-2710,0,0,2710,0
A,a2611,宏源期货,0,0,9477,910,-9477,-910,0,0,910,0
A,a2611,国投安信,0,0,7643,362,-7643,-362,0,0,362,0
A,a2611,一德期货,0,0,5150,-36,-5150,36,0,0,0,36
A,a2611,冠通期货,0,0,4698,752,-4698,-752,0,0,752,0
Y,y2701,国泰君安,64635,4373,32920,2097,31715,2276,4373,0,2097,0
Y,y2701,摩根大通,56935,3285,29343,-2563,27592,5848,3285,0,0,2563
Y,y2701,中信期货,53560,6031,27200,1504,26360,4527,6031,0,1504,0
Y,y2701,高盛期货,45567,3105,11693,697,33874,2408,3105,0,697,0
Y,y2701,东证期货,43373,5818,46002,4578,-2629,1240,5818,0,4578,0
Y,y2701,一德期货,36411,-2130,0,0,36411,-2130,0,2130,0,0
Y,y2701,海通期货,30287,3045,8020,588,22267,2457,3045,0,588,0
Y,y2701,西部期货,21094,67,0,0,21094,67,67,0,0,0
Y,y2701,永安期货,20955,1792,14109,804,6846,988,1792,0,804,0
Y,y2701,国投安信,19314,842,88647,1819,-69333,-977,842,0,1819,0
Y,y2701,华泰期货,19173,245,18161,1027,1012,-782,245,0,1027,0
Y,y2701,浙商期货,12976,1656,6204,1197,6772,459,1656,0,1197,0
Y,y2701,中金财富,12656,1537,0,0,12656,1537,1537,0,0,0
Y,y2701,中粮期货,12597,969,171244,8912,-158647,-7943,969,0,8912,0
Y,y2701,银河期货,11243,-5626,10012,226,1231,-5852,0,5626,226,0
Y,y2701,瑞银期货,10683,129,0,0,10683,129,129,0,0,0
Y,y2701,五矿期货,9687,557,0,0,9687,557,557,0,0,0
Y,y2701,中信建投,9486,-793,0,0,9486,-793,0,793,0,0
Y,y2701,南华期货,9164,-922,0,0,9164,-922,0,922,0,0
Y,y2701,广发期货,8907,571,37836,-2184,-28929,2755,571,0,0,2184
Y,y2701,宏源期货,0,0,17899,5,-17899,-5,0,0,5,0
Y,y2701,弘业期货,0,0,16516,1267,-16516,-1267,0,0,1267,0
Y,y2701,建信期货,0,0,16457,1898,-16457,-1898,0,0,1898,0
Y,y2701,国贸期货,0,0,7904,290,-7904,-290,0,0,290,0
Y,y2701,国富期货,0,0,7586,620,-7586,-620,0,0,620,0
Y,y2701,紫金天风,0,0,6663,1280,-6663,-1280,0,0,1280,0
Y,y2701,瑞达期货,0,0,6169,1843,-6169,-1843,0,0,1843,0
B,b2611,东证期货,23365,1068,13336,2691,10029,-1623,1068,0,2691,0
B,b2611,海通期货,21444,-83,14998,-443,6446,360,0,83,0,443
B,b2611,中信期货,19271,-2566,15303,-830,3968,-1736,0,2566,0,830
B,b2611,高盛期货,16541,-401,7832,931,8709,-1332,0,401,931,0
B,b2611,国泰君安,15823,659,22222,-84,-6399,743,659,0,0,84
B,b2611,摩根大通,12659,1404,4084,-13,8575,1417,1404,0,0,13
B,b2611,华泰期货,12614,-529,14840,-558,-2226,29,0,529,0,558
B,b2611,中信建投,8086,-13,6633,119,1453,-132,0,13,119,0
B,b2611,方正中期,8038,-9,6060,94,1978,-103,0,9,94,0
B,b2611,中金财富,5514,238,0,0,5514,238,238,0,0,0
B,b2611,南华期货,5350,-4,6284,-25,-934,21,0,4,0,25
B,b2611,中粮期货,5031,161,5699,21,-668,140,161,0,21,0
B,b2611,永安期货,4455,95,7964,-309,-3509,404,95,0,0,309
B,b2611,中原期货,4030,23,0,0,4030,23,23,0,0,0
B,b2611,宏源期货,3956,109,0,0,3956,109,109,0,0,0
B,b2611,银河期货,3653,217,14369,1666,-10716,-1449,217,0,1666,0
B,b2611,广发期货,3059,328,8825,-277,-5766,605,328,0,0,277
B,b2611,瑞银期货,2807,-144,0,0,2807,-144,0,144,0,0
B,b2611,平安期货,2364,-10,0,0,2364,-10,0,10,0,0
B,b2611,创元期货,2164,41,0,0,2164,41,41,0,0,0
B,b2611,国投安信,0,0,9050,-19,-9050,19,0,0,0,19
B,b2611,一德期货,0,0,7791,681,-7791,-681,0,0,681,0
B,b2611,东吴期货,0,0,4577,82,-4577,-82,0,0,82,0
B,b2611,国盛期货,0,0,3914,590,-3914,-590,0,0,590,0
B,b2611,中财期货,0,0,3365,-941,-3365,941,0,0,0,941
B,b2611,中州期货,0,0,3318,-164,-3318,164,0,0,0,164
M,m2701,中信期货,255559,639,100621,-8605,154938,9244,639,0,0,8605
M,m2701,国泰君安,215073,681,188705,4303,26368,-3622,681,0,4303,0
M,m2701,东证期货,206035,-1681,180943,2728,25092,-4409,0,1681,2728,0
M,m2701,高盛期货,124591,11178,0,0,124591,11178,11178,0,0,0
M,m2701,银河期货,120863,-1702,34475,-15430,86388,13728,0,1702,0,15430
M,m2701,永安期货,103298,-976,70326,3979,32972,-4955,0,976,3979,0
M,m2701,摩根大通,86406,568,76175,-810,10231,1378,568,0,0,810
M,m2701,南华期货,79485,-4901,0,0,79485,-4901,0,4901,0,0
M,m2701,一德期货,75067,6504,0,0,75067,6504,6504,0,0,0
M,m2701,广发期货,67288,4057,99604,-4497,-32316,8554,4057,0,0,4497
M,m2701,中信建投,60405,1315,0,0,60405,1315,1315,0,0,0
M,m2701,华泰期货,58063,529,62172,4699,-4109,-4170,529,0,4699,0
M,m2701,中粮期货,54627,1587,613974,25222,-559347,-23635,1587,0,25222,0
M,m2701,中泰期货,48153,-4114,36717,-4738,11436,624,0,4114,0,4738
M,m2701,海通期货,47802,-99,35580,3377,12222,-3476,0,99,3377,0
M,m2701,国投安信,47794,3374,345506,6488,-297712,-3114,3374,0,6488,0
M,m2701,瑞银期货,44487,-522,0,0,44487,-522,0,522,0,0
M,m2701,中金财富,42476,912,54771,-1959,-12295,2871,912,0,0,1959
M,m2701,招商期货,37055,3258,0,0,37055,3258,3258,0,0,0
M,m2701,国富期货,33042,1060,0,0,33042,1060,1060,0,0,0
M,m2701,宏源期货,0,0,45846,439,-45846,-439,0,0,439,0
M,m2701,国贸期货,0,0,32965,530,-32965,-530,0,0,530,0
M,m2701,大地期货,0,0,32308,1231,-32308,-1231,0,0,1231,0
M,m2701,长江期货,0,0,28819,3030,-28819,-3030,0,0,3030,0
M,m2701,建信期货,0,0,25314,543,-25314,-543,0,0,543,0
M,m2701,五矿期货,0,0,20644,737,-20644,-737,0,0,737,0
M,m2701,国信期货,0,0,20370,-438,-20370,438,0,0,0,438
I,i2701,国泰君安,50443,4763,49324,1590,1119,3173,4763,0,1590,0
I,i2701,东证期货,32331,4835,19509,1491,12822,3344,4835,0,1491,0
I,i2701,中信期货,32285,4881,31409,3791,876,1090,4881,0,3791,0
I,i2701,银河期货,29337,2148,10088,126,19249,2022,2148,0,126,0
I,i2701,华泰期货,29128,1575,19462,2458,9666,-883,1575,0,2458,0
I,i2701,永安期货,23138,1139,33254,1904,-10116,-765,1139,0,1904,0
I,i2701,高盛期货,14177,-3283,20389,1055,-6212,-4338,0,3283,1055,0
I,i2701,中信建投,13463,1028,9446,731,4017,297,1028,0,731,0
I,i2701,浙商期货,12388,1067,12585,2351,-197,-1284,1067,0,2351,0
I,i2701,宏源期货,11828,288,0,0,11828,288,288,0,0,0
I,i2701,方正中期,11287,1909,10852,-2085,435,3994,1909,0,0,2085
I,i2701,兴证期货,10465,286,0,0,10465,286,286,0,0,0
I,i2701,海证期货,10041,-116,0,0,10041,-116,0,116,0,0
I,i2701,中泰期货,10038,590,0,0,10038,590,590,0,0,0
I,i2701,广发期货,9449,-292,0,0,9449,-292,0,292,0,0
I,i2701,东吴期货,9161,450,9098,357,63,93,450,0,357,0
I,i2701,南华期货,8801,-733,10480,-3004,-1679,2271,0,733,0,3004
I,i2701,中银期货,7777,-6,0,0,7777,-6,0,6,0,0
I,i2701,瑞达期货,7470,171,0,0,7470,171,171,0,0,0
I,i2701,海通期货,7046,406,14508,1959,-7462,-1553,406,0,1959,0
I,i2701,摩根大通,0,0,19708,1337,-19708,-1337,0,0,1337,0
I,i2701,一德期货,0,0,19284,-242,-19284,242,0,0,0,242
I,i2701,光大期货,0,0,16473,798,-16473,-798,0,0,798,0
I,i2701,中金财富,0,0,11477,1584,-11477,-1584,0,0,1584,0
I,i2701,国贸期货,0,0,10573,-531,-10573,531,0,0,0,531
I,i2701,五矿期货,0,0,10549,482,-10549,-482,0,0,482,0
I,i2701,大地期货,0,0,8821,409,-8821,-409,0,0,409,0
AD,ad2610,东吴期货,1813,-6,1774,-12,39,6,0,6,0,12
AD,ad2610,上海中期,1500,3,1498,4,2,-1,3,0,4,0
AD,ad2610,华泰期货,1369,1,1369,-3,0,4,1,0,0,3
AD,ad2610,浙商期货,1359,-75,1296,-5,63,-70,0,75,0,5
AD,ad2610,中信期货,1215,-34,439,9,776,-43,0,34,9,0
AD,ad2610,东证期货,1135,-6,318,55,817,-61,0,6,55,0
AD,ad2610,南华期货,1107,-1,1121,0,-14,-1,0,1,0,0
AD,ad2610,长江期货,1094,169,1116,169,-22,0,169,0,169,0
AD,ad2610,五矿期货,1050,2,1046,-2,4,4,2,0,0,2
AD,ad2610,中粮期货,1006,-80,1337,-79,-331,-1,0,80,0,79
AD,ad2610,宏源期货,911,2,946,15,-35,-13,2,0,15,0
AD,ad2610,华西期货,890,6,893,8,-3,-2,6,0,8,0
AD,ad2610,中泰期货,844,-6,830,6,14,-12,0,6,6,0
AD,ad2610,国泰君安,587,9,1055,-5,-468,14,9,0,0,5
AD,ad2610,华安期货,489,2,0,0,489,2,2,0,0,0
AD,ad2610,方正中期,446,1,0,0,446,1,1,0,0,0
AD,ad2610,华联期货,164,0,0,0,164,0,0,0,0,0
AD,ad2610,中信建投,131,-7,0,0,131,-7,0,7,0,0
AD,ad2610,国投安信,111,25,0,0,111,25,25,0,0,0
AD,ad2610,大有期货,98,1,153,0,-55,1,1,0,0,0
AD,ad2610,银河期货,0,0,1007,-97,-1007,97,0,0,0,97
AD,ad2610,海证期货,0,0,253,-85,-253,85,0,0,0,85
AD,ad2610,财信期货,0,0,198,-6,-198,6,0,0,0,6
AD,ad2610,国联期货,0,0,184,-3,-184,3,0,0,0,3
AD,ad2610,永安期货,0,0,177,-1,-177,1,0,0,0,1
SM,sm2611,中信期货,68591,1246,32045,-2439,36546,3685,1246,0,0,2439
SM,sm2611,国泰君安,21060,-398,32385,2991,-11325,-3389,0,398,2991,0
SM,sm2611,东证期货,21031,-786,39383,14927,-18352,-15713,0,786,14927,0
SM,sm2611,高盛期货,19326,7718,24272,-3023,-4946,10741,7718,0,0,3023
SM,sm2611,华泰期货,18598,401,23650,-1488,-5052,1889,401,0,0,1488
SM,sm2611,永安期货,17653,2575,36287,4277,-18634,-1702,2575,0,4277,0
SM,sm2611,五矿期货,15439,4593,10600,4562,4839,31,4593,0,4562,0
SM,sm2611,银河期货,15006,-1219,0,0,15006,-1219,0,1219,0,0
SM,sm2611,国投安信,12000,-353,8491,168,3509,-521,0,353,168,0
SM,sm2611,招商期货,11192,648,9343,-266,1849,914,648,0,0,266
SM,sm2611,中信建投,10272,314,18347,99,-8075,215,314,0,99,0
SM,sm2611,浙商期货,9856,-1139,19036,-428,-9180,-711,0,1139,0,428
SM,sm2611,建信期货,8985,22,0,0,8985,22,22,0,0,0
SM,sm2611,东海期货,8466,-464,0,0,8466,-464,0,464,0,0
SM,sm2611,中金财富,7820,1249,6709,-4933,1111,6182,1249,0,0,4933
SM,sm2611,信达期货,7573,-135,0,0,7573,-135,0,135,0,0
SM,sm2611,国贸期货,7481,-1082,0,0,7481,-1082,0,1082,0,0
SM,sm2611,中粮期货,7349,505,8080,450,-731,55,505,0,450,0
SM,sm2611,南华期货,7139,258,6094,70,1045,188,258,0,70,0
SM,sm2611,中财期货,6969,-209,5724,2744,1245,-2953,0,209,2744,0
SM,sm2611,海证期货,0,0,10358,-777,-10358,777,0,0,0,777
SM,sm2611,海通期货,0,0,7722,979,-7722,-979,0,0,979,0
SM,sm2611,瑞银期货,0,0,6344,-807,-6344,807,0,0,0,807
SM,sm2611,锦泰期货,0,0,6249,-131,-6249,131,0,0,0,131
SM,sm2611,申银万国,0,0,5930,257,-5930,-257,0,0,257,0
JD,jd2610,国泰君安,24152,3744,22753,-6346,1399,10090,3744,0,0,6346
JD,jd2610,中信期货,19774,3859,14293,-3758,5481,7617,3859,0,0,3758
JD,jd2610,中信建投,13670,-3631,10755,501,2915,-4132,0,3631,501,0
JD,jd2610,方正中期,9978,-2091,8967,887,1011,-2978,0,2091,887,0
JD,jd2610,银河期货,9595,422,9297,50,298,372,422,0,50,0
JD,jd2610,东证期货,9532,995,9763,-6261,-231,7256,995,0,0,6261
JD,jd2610,招商期货,9034,-15,9748,73,-714,-88,0,15,73,0
JD,jd2610,中泰期货,8269,-375,7453,-930,816,555,0,375,0,930
JD,jd2610,国投安信,5936,-67,7516,-358,-1580,291,0,67,0,358
JD,jd2610,华泰期货,5798,658,6578,-1620,-780,2278,658,0,0,1620
JD,jd2610,中粮期货,5670,-900,4726,391,944,-1291,0,900,391,0
JD,jd2610,徽商期货,5668,-2380,5213,160,455,-2540,0,2380,160,0
JD,jd2610,广发期货,5450,23,4384,-984,1066,1007,23,0,0,984
JD,jd2610,平安期货,5192,-831,0,0,5192,-831,0,831,0,0
JD,jd2610,浙商期货,4891,-183,0,0,4891,-183,0,183,0,0
JD,jd2610,永安期货,4835,-108,6060,474,-1225,-582,0,108,474,0
JD,jd2610,东方财富,4808,-1187,0,0,4808,-1187,0,1187,0,0
JD,jd2610,创元期货,4505,-540,4813,376,-308,-916,0,540,376,0
JD,jd2610,南华期货,4435,-128,5229,-17,-794,-111,0,128,0,17
JD,jd2610,国贸期货,3935,1374,0,0,3935,1374,1374,0,0,0
JD,jd2610,宏源期货,0,0,5345,-1023,-5345,1023,0,0,0,1023
JD,jd2610,东吴期货,0,0,4508,-529,-4508,529,0,0,0,529
JD,jd2610,申银万国,0,0,3973,179,-3973,-179,0,0,179,0
JD,jd2610,光大期货,0,0,3943,-240,-3943,240,0,0,0,240
