symbol,variety,contract,market,source_date,open,high,low,close,change_pct,change_amount,volume,turnover,amplitude_pct,source,source_url,validation_status,sina_close,quhe_code,status
AG,沪银,agm,,2026-08-20,15850.0,16444.0,15780.0,16361.0,4.717102,737.0,759355.0,183508010000.0,,曲合期货主力行情（涨跌按前结算）,https://m.quheqihuo.com/quote/zhuli.html,SINA_CLOSE_AGREES,16361.0,JO_165757,OK
AU,沪金,aum,,2026-08-20,965.0,976.26,960.1,972.94,2.494574,23.679993,363693.0,352649770000.0,,曲合期货主力行情（涨跌按前结算）,https://m.quheqihuo.com/quote/zhuli.html,SINA_CLOSE_AGREES,972.94,JO_165732,OK
NI,沪镍,nim,,2026-08-20,129020.0,130660.0,128820.0,129190.0,0.89815676,1150.0,198463.0,25747522000.0,,曲合期货主力行情（涨跌按前结算）,https://m.quheqihuo.com/quote/zhuli.html,SINA_CLOSE_AGREES,129190.0,JO_165590,OK
CU,沪铜,cu2609,,2026-08-20,107020.000,107390.000,106980.000,107200.0,0.2056459151243306,220.0,67532,,,新浪财经主力合约实时收盘（涨跌按前结算）,https://finance.sina.com.cn/futuremarket/,SINA_REALTIME,107200.0,,OK
EG,乙二醇,egm,,2026-08-20,5280.0,5485.0,5258.0,5322.0,1.506771,79.0,767945.0,41103303000.0,,曲合期货主力行情（涨跌按前结算）,https://m.quheqihuo.com/quote/zhuli.html,SINA_CLOSE_AGREES,5322.0,JO_233664,OK
HC,热卷,hcm,,2026-08-20,3287.0,3300.0,3281.0,3291.0,0.030395135,1.0,315891.0,10392806000.0,,曲合期货主力行情（涨跌按前结算）,https://m.quheqihuo.com/quote/zhuli.html,SINA_CLOSE_AGREES,3291.0,JO_165719,OK
SS,不锈钢,ssm,,2026-08-20,14320.0,14445.0,14285.0,14300.0,0.14005603,20.0,193239.0,13885423000.0,,曲合期货主力行情（涨跌按前结算）,https://m.quheqihuo.com/quote/zhuli.html,SINA_CLOSE_AGREES,14300.0,JO_233721,OK
PX,对二甲苯,PXm,,2026-08-20,8260.0,8276.0,8144.0,8264.0,-0.7923169,-66.0,321286.0,2636472800.0,,曲合期货主力行情（涨跌按前结算）,https://m.quheqihuo.com/quote/zhuli.html,SINA_CLOSE_AGREES,8264.0,JO_336625,OK
BC,国际铜,bcm,,2026-08-20,94840.0,95750.0,94830.0,95370.0,0.3050063,290.0,8583.0,4090757400.0,,曲合期货主力行情（涨跌按前结算）,https://m.quheqihuo.com/quote/zhuli.html,SINA_CLOSE_AGREES,95370.0,JO_291808,OK
V,PVC,vm,,2026-08-20,4738.0,4759.0,4683.0,4710.0,-0.8212255,-39.0,839057.0,19797627000.0,,曲合期货主力行情（涨跌按前结算）,https://m.quheqihuo.com/quote/zhuli.html,QUHE_MAIN_DIFFERS_FROM_SEAT_CONTRACT,4561.0,JO_165822,OK
PF,短纤,PFm,,2026-08-20,7638.0,7650.0,7540.0,7590.0,-0.8361641,-64.0,157366.0,1195666800.0,,曲合期货主力行情（涨跌按前结算）,https://m.quheqihuo.com/quote/zhuli.html,SINA_CLOSE_AGREES,7590.0,JO_291841,OK
A,豆一,am,,2026-08-20,5076.0,5141.0,5051.0,5130.0,0.8452919,43.0,357432.0,18190629000.0,,曲合期货主力行情（涨跌按前结算）,https://m.quheqihuo.com/quote/zhuli.html,SINA_CLOSE_AGREES,5130.0,JO_165900,OK
PB,沪铅,pbm,,2026-08-20,15910.0,16005.0,15870.0,15935.0,-0.03136763,-5.0,54878.0,4374095400.0,,曲合期货主力行情（涨跌按前结算）,https://m.quheqihuo.com/quote/zhuli.html,QUHE_MAIN_DIFFERS_FROM_SEAT_CONTRACT,15925.0,JO_165616,OK
P,棕榈油,pm,,2026-08-20,9989.0,10180.0,9986.0,10160.0,1.9057171,190.0,576523.0,58126078000.0,,曲合期货主力行情（涨跌按前结算）,https://m.quheqihuo.com/quote/zhuli.html,SINA_CLOSE_AGREES,10160.0,JO_165964,OK
FG,玻璃,FGm,,2026-08-20,903.0,926.0,897.0,917.0,0.5482456,5.0,1671294.0,1530905300.0,,曲合期货主力行情（涨跌按前结算）,https://m.quheqihuo.com/quote/zhuli.html,QUHE_MAIN_DIFFERS_FROM_SEAT_CONTRACT,873.0,JO_166080,OK
RU,天然橡胶,rum,,2026-08-20,18215.0,18555.0,18185.0,18460.0,1.6240021,295.0,246006.0,45148967000.0,,曲合期货主力行情（涨跌按前结算）,https://m.quheqihuo.com/quote/zhuli.html,SINA_CLOSE_AGREES,18460.0,JO_165668,OK
C,玉米,cm,,2026-08-20,2265.0,2269.0,2256.0,2263.0,0.5330964,12.0,654758.0,14810188000.0,,曲合期货主力行情（涨跌按前结算）,https://m.quheqihuo.com/quote/zhuli.html,SINA_CLOSE_AGREES,2263.0,JO_165796,OK
LH,生猪,lhm,,2026-08-20,12320.0,12345.0,12120.0,12315.0,-0.20259318,-25.0,197761.0,38672240000.0,,曲合期货主力行情（涨跌按前结算）,https://m.quheqihuo.com/quote/zhuli.html,SINA_CLOSE_AGREES,12315.0,JO_291821,OK
FU,燃料油,fum,,2026-08-20,4237.0,4386.0,4150.0,4258.0,1.0681225,45.0,494492.0,21054681000.0,,曲合期货主力行情（涨跌按前结算）,https://m.quheqihuo.com/quote/zhuli.html,SINA_CLOSE_AGREES,4258.0,JO_165770,OK
AO,氧化铝,aom,,2026-08-20,2668.0,2687.0,2650.0,2663.0,-0.33682632,-9.0,229336.0,12233744000.0,,曲合期货主力行情（涨跌按前结算）,https://m.quheqihuo.com/quote/zhuli.html,SINA_CLOSE_AGREES,2663.0,JO_335884,OK
J,焦炭,jm,,2026-08-20,2058.0,2096.0,2052.0,2072.5,1.1962891,24.5,45302.0,9403486000.0,,曲合期货主力行情（涨跌按前结算）,https://m.quheqihuo.com/quote/zhuli.html,QUHE_MAIN_DIFFERS_FROM_SEAT_CONTRACT,2043.0,JO_166003,OK
UR,尿素,URm,,2026-08-20,1746.0,1764.0,1746.0,1759.0,0.8022923,14.0,159129.0,279271400.0,,曲合期货主力行情（涨跌按前结算）,https://m.quheqihuo.com/quote/zhuli.html,QUHE_MAIN_DIFFERS_FROM_SEAT_CONTRACT,1733.0,JO_233760,OK
NR,20号胶,nrm,,2026-08-20,15160.0,15535.0,15140.0,15450.0,2.2501655,340.0,68070.0,10434310000.0,,曲合期货主力行情（涨跌按前结算）,https://m.quheqihuo.com/quote/zhuli.html,SINA_CLOSE_AGREES,15450.0,JO_233734,OK
AP,苹果,APm,,2026-08-20,7793.0,7832.0,7725.0,7755.0,-0.7423525,-58.0,77223.0,600408800.0,,曲合期货主力行情（涨跌按前结算）,https://m.quheqihuo.com/quote/zhuli.html,SINA_CLOSE_AGREES,7755.0,JO_166249,OK
L,塑料,lm,,2026-08-20,7831.0,7860.0,7732.0,7794.0,-0.4978935,-39.0,403557.0,15749941000.0,,曲合期货主力行情（涨跌按前结算）,https://m.quheqihuo.com/quote/zhuli.html,QUHE_MAIN_DIFFERS_FROM_SEAT_CONTRACT,8078.0,JO_165809,OK
JD,鸡蛋,jdm,,2026-08-20,3803.0,3894.0,3803.0,3880.0,0.18073845,7.0,563032.0,21669757000.0,,曲合期货主力行情（涨跌按前结算）,https://m.quheqihuo.com/quote/zhuli.html,SINA_CLOSE_AGREES,3880.0,JO_165835,OK
SR,白糖,SRm,,2026-08-20,5368.0,5397.0,5350.0,5396.0,0.52160954,28.0,443524.0,2385272000.0,,曲合期货主力行情（涨跌按前结算）,https://m.quheqihuo.com/quote/zhuli.html,SINA_CLOSE_AGREES,5396.0,JO_166055,OK
CF,棉花,CFm,,2026-08-20,16980.0,17100.0,16950.0,17035.0,1.0080048,170.0,364385.0,6201832400.0,,曲合期货主力行情（涨跌按前结算）,https://m.quheqihuo.com/quote/zhuli.html,SINA_CLOSE_AGREES,17035.0,JO_166016,OK
PG,液化气,pgm,,2026-08-20,5637.0,5713.0,5606.0,5686.0,0.38841808,22.0,74791.0,8457811000.0,,曲合期货主力行情（涨跌按前结算）,https://m.quheqihuo.com/quote/zhuli.html,SINA_CLOSE_AGREES,5686.0,JO_291854,OK
SM,锰硅,SM2611,,2026-08-20,5934.000,5946.000,5902.000,5930.0,0.33840947546530664,20.0,390295,,,新浪财经主力合约实时收盘（涨跌按前结算）,https://finance.sina.com.cn/futuremarket/,SINA_REALTIME,5930.0,,OK
SI,工业硅,sim,,2026-08-20,8870.0,8880.0,8680.0,8755.0,0.11435106,10.0,223896.0,9827231000.0,,曲合期货主力行情（涨跌按前结算）,https://m.quheqihuo.com/quote/zhuli.html,QUHE_MAIN_DIFFERS_FROM_SEAT_CONTRACT,8665.0,JO_322422,OK
SN,沪锡,snm,,2026-08-20,422340.0,428110.0,422260.0,426250.0,1.3867085,5830.0,124363.0,52861202000.0,,曲合期货主力行情（涨跌按前结算）,https://m.quheqihuo.com/quote/zhuli.html,SINA_CLOSE_AGREES,426250.0,JO_165603,OK
BZ,纯苯,bzm,,2026-08-20,7728.0,7797.0,7666.0,7794.0,0.9847111,76.0,21264.0,4922915300.0,,曲合期货主力行情（涨跌按前结算）,https://m.quheqihuo.com/quote/zhuli.html,SINA_CLOSE_AGREES,7794.0,JO_347000,OK
AD,铝合金,ad2610,,2026-08-20,22905.000,23075.000,22855.000,22945.0,-0.021786492374731292,-5.0,6730,,,新浪财经主力合约实时收盘（涨跌按前结算）,https://finance.sina.com.cn/futuremarket/,SINA_REALTIME,22945.0,,OK
OP,双胶纸,opm,,2026-08-20,3878.0,3890.0,3860.0,3886.0,-0.15416238,-6.0,5663.0,878093060.0,,曲合期货主力行情（涨跌按前结算）,https://m.quheqihuo.com/quote/zhuli.html,SINA_CLOSE_AGREES,3886.0,JO_347500,OK
RR,粳米,rrm,,2026-08-20,3638.0,3645.0,3632.0,3643.0,0.19251925,7.0,168.0,6117310.0,,曲合期货主力行情（涨跌按前结算）,https://m.quheqihuo.com/quote/zhuli.html,SINA_CLOSE_AGREES,3643.0,JO_233690,OK
Y,豆油,ym,,2026-08-20,8750.0,8866.0,8743.0,8847.0,1.4331576,125.0,408024.0,35943395000.0,,曲合期货主力行情（涨跌按前结算）,https://m.quheqihuo.com/quote/zhuli.html,SINA_CLOSE_AGREES,8847.0,JO_165951,OK
JM,焦煤,JM2701,,2026-08-20,1586.500,1602.000,1561.500,1591.5,1.3371537726838634,21.0,921286,,,新浪财经主力合约实时收盘（涨跌按前结算）,https://finance.sina.com.cn/futuremarket/,SINA_REALTIME,1591.5,JO_165990,OK
AL,沪铝,al2609,,2026-08-20,23650.000,23705.000,23525.000,23585.0,-0.5691399662731911,-135.0,72702,,,新浪财经主力合约实时收盘（涨跌按前结算）,https://finance.sina.com.cn/futuremarket/,SINA_REALTIME,23585.0,,OK
I,铁矿石,im,,2026-08-20,713.5,715.0,698.5,707.0,-1.1879804,-8.5,349652.0,24693770000.0,,曲合期货主力行情（涨跌按前结算）,https://m.quheqihuo.com/quote/zhuli.html,SINA_CLOSE_AGREES,707.0,JO_165977,OK
LC,碳酸锂,lcm,,2026-08-20,152500.0,154000.0,150500.0,152160.0,0.4091329,620.0,138160.0,21055625000.0,,曲合期货主力行情（涨跌按前结算）,https://m.quheqihuo.com/quote/zhuli.html,SINA_CLOSE_AGREES,152160.0,JO_336104,OK
PP,PP,ppm,,2026-08-20,7998.0,8055.0,7930.0,7994.0,-0.050012507,-4.0,514702.0,20568662000.0,,曲合期货主力行情（涨跌按前结算）,https://m.quheqihuo.com/quote/zhuli.html,QUHE_MAIN_DIFFERS_FROM_SEAT_CONTRACT,8618.0,JO_165874,OK
RM,菜粕,RMm,,2026-08-20,2268.0,2293.0,2263.0,2282.0,1.0628875,24.0,564978.0,1286454900.0,,曲合期货主力行情（涨跌按前结算）,https://m.quheqihuo.com/quote/zhuli.html,SINA_CLOSE_AGREES,2282.0,JO_166106,OK
SH,烧碱,SHm,,2026-08-20,1924.0,1930.0,1904.0,1916.0,-0.46753246,-9.0,481342.0,923213950.0,,曲合期货主力行情（涨跌按前结算）,https://m.quheqihuo.com/quote/zhuli.html,SINA_CLOSE_AGREES,1916.0,JO_336611,OK
OI,菜油,OIm,,2026-08-20,10530.0,10723.0,10530.0,10682.0,2.0638256,216.0,333505.0,3553495800.0,,曲合期货主力行情（涨跌按前结算）,https://m.quheqihuo.com/quote/zhuli.html,QUHE_MAIN_DIFFERS_FROM_SEAT_CONTRACT,10756.0,JO_166042,OK
M,豆粕,mm,,2026-08-20,3247.0,3288.0,3246.0,3267.0,0.64695007,21.0,1191446.0,38898430000.0,,曲合期货主力行情（涨跌按前结算）,https://m.quheqihuo.com/quote/zhuli.html,SINA_CLOSE_AGREES,3267.0,JO_165938,OK
SF,硅铁,SF2611,,2026-08-20,5976.000,6000.000,5938.000,5966.0,-0.03351206434316634,-2.0,265350,,,新浪财经主力合约实时收盘（涨跌按前结算）,https://finance.sina.com.cn/futuremarket/,SINA_REALTIME,5966.0,,OK
TA,PTA,TAm,,2026-08-20,5750.0,5758.0,5672.0,5740.0,-1.068597,-62.0,912941.0,5216545000.0,,曲合期货主力行情（涨跌按前结算）,https://m.quheqihuo.com/quote/zhuli.html,QUHE_MAIN_DIFFERS_FROM_SEAT_CONTRACT,5980.0,JO_166029,OK
ZN,沪锌,zn2609,,2026-08-20,25295.000,25440.000,25285.000,25315.0,-0.19712201852947198,-50.0,40860,,,新浪财经主力合约实时收盘（涨跌按前结算）,https://finance.sina.com.cn/futuremarket/,SINA_REALTIME,25315.0,,OK
MA,甲醇,MAm,,2026-08-20,2828.0,2853.0,2793.0,2837.0,0.3182461,9.0,1557465.0,4406068700.0,,曲合期货主力行情（涨跌按前结算）,https://m.quheqihuo.com/quote/zhuli.html,SINA_CLOSE_AGREES,2837.0,JO_166093,OK
CJ,红枣,CJm,,2026-08-20,8305.0,8345.0,8190.0,8205.0,-0.8459214,-70.0,92191.0,760114800.0,,曲合期货主力行情（涨跌按前结算）,https://m.quheqihuo.com/quote/zhuli.html,SINA_CLOSE_AGREES,8205.0,JO_233747,OK
LU,低硫油,lum,,2026-08-20,4973.0,5035.0,4930.0,4995.0,-1.284585,-65.0,131549.0,6546758700.0,,曲合期货主力行情（涨跌按前结算）,https://m.quheqihuo.com/quote/zhuli.html,SINA_CLOSE_AGREES,4995.0,JO_291828,OK
PS,多晶硅,psm,,2026-08-20,37800.0,38500.0,37450.0,38475.0,2.204808,830.0,110099.0,12532991000.0,,曲合期货主力行情（涨跌按前结算）,https://m.quheqihuo.com/quote/zhuli.html,QUHE_MAIN_DIFFERS_FROM_SEAT_CONTRACT,38315.0,JO_344228,OK
PK,花生,PKm,,2026-08-20,8178.0,8198.0,8156.0,8164.0,0.1963672,16.0,123940.0,1013829200.0,,曲合期货主力行情（涨跌按前结算）,https://m.quheqihuo.com/quote/zhuli.html,SINA_CLOSE_AGREES,8164.0,JO_291867,OK
SA,纯碱,SAm,,2026-08-20,1015.0,1043.0,1012.0,1033.0,0.9775171,10.0,1488760.0,1537889000.0,,曲合期货主力行情（涨跌按前结算）,https://m.quheqihuo.com/quote/zhuli.html,QUHE_MAIN_DIFFERS_FROM_SEAT_CONTRACT,968.0,JO_233773,OK
BR,合成橡胶,brm,,2026-08-20,14635.0,14760.0,14265.0,14465.0,-0.68657744,-100.0,258664.0,18787242000.0,,曲合期货主力行情（涨跌按前结算）,https://m.quheqihuo.com/quote/zhuli.html,QUHE_MAIN_DIFFERS_FROM_SEAT_CONTRACT,14475.0,JO_336117,OK
SP,纸浆,spm,,2026-08-20,4730.0,4800.0,4698.0,4800.0,1.7811705,84.0,335667.0,15881872000.0,,曲合期货主力行情（涨跌按前结算）,https://m.quheqihuo.com/quote/zhuli.html,SINA_CLOSE_AGREES,4800.0,JO_233708,OK
EB,苯乙烯,ebm,,2026-08-20,8650.0,8726.0,8566.0,8703.0,0.46173382,40.0,618736.0,26764044000.0,,曲合期货主力行情（涨跌按前结算）,https://m.quheqihuo.com/quote/zhuli.html,SINA_CLOSE_AGREES,8703.0,JO_233677,OK
PL,丙烯,PLm,,2026-08-20,7799.0,7900.0,7770.0,7852.0,0.51203275,40.0,51864.0,406406300.0,,曲合期货主力行情（涨跌按前结算）,https://m.quheqihuo.com/quote/zhuli.html,SINA_CLOSE_AGREES,7852.0,JO_347231,OK
B,豆二,bm,,2026-08-20,4031.0,4077.0,4031.0,4061.0,0.94456875,38.0,219125.0,8886249000.0,,曲合期货主力行情（涨跌按前结算）,https://m.quheqihuo.com/quote/zhuli.html,SINA_CLOSE_AGREES,4061.0,JO_165925,OK
BU,沥青,bum,,2026-08-20,4384.0,4506.0,4377.0,4485.0,2.890571,126.0,419417.0,18585434000.0,,曲合期货主力行情（涨跌按前结算）,https://m.quheqihuo.com/quote/zhuli.html,QUHE_MAIN_DIFFERS_FROM_SEAT_CONTRACT,4659.0,JO_165694,OK
RB,螺纹钢,rbm,,2026-08-20,3017.0,3037.0,3013.0,3032.0,0.1321004,4.0,888026.0,26866246000.0,,曲合期货主力行情（涨跌按前结算）,https://m.quheqihuo.com/quote/zhuli.html,SINA_CLOSE_AGREES,3032.0,JO_165681,OK
PR,瓶片,PRm,,2026-08-20,7498.0,7506.0,7400.0,7476.0,-0.42621204,-32.0,58533.0,436773250.0,,曲合期货主力行情（涨跌按前结算）,https://m.quheqihuo.com/quote/zhuli.html,SINA_CLOSE_AGREES,7476.0,JO_343068,OK
CY,棉纱,CYm,,2026-08-20,22975.0,23080.0,22910.0,23000.0,0.59042203,135.0,11778.0,270952900.0,,曲合期货主力行情（涨跌按前结算）,https://m.quheqihuo.com/quote/zhuli.html,SINA_CLOSE_AGREES,23000.0,JO_166132,OK
RS,油菜籽,RSm,,2026-08-20,5991.0,5991.0,5905.0,5959.0,0.2523553,15.0,7.0,41671.0,,曲合期货主力行情（涨跌按前结算）,https://m.quheqihuo.com/quote/zhuli.html,SINA_CLOSE_AGREES,5959.0,JO_166197,OK
